raw_files,short-name-SUGGESTED,source,element,time-period,dataset,mon-day,file-type,notes
PRISM_ppt_30yr_normal_800mM4_01_bil,prism_ppt_m1,PRISM,ppt,30yr-normal,800mM4,1,bil,M4 released in Dec 2022
PRISM_ppt_30yr_normal_800mM4_02_bil,prism_ppt_m2,PRISM,ppt,30yr-normal,800mM4,2,bil,M4 released in Dec 2022
PRISM_ppt_30yr_normal_800mM4_03_bil,prism_ppt_m3,PRISM,ppt,30yr-normal,800mM4,3,bil,M4 released in Dec 2022
PRISM_ppt_30yr_normal_800mM4_04_bil,prism_ppt_m4,PRISM,ppt,30yr-normal,800mM4,4,bil,M4 released in Dec 2022
PRISM_ppt_30yr_normal_800mM4_05_bil,prism_ppt_m5,PRISM,ppt,30yr-normal,800mM4,5,bil,M4 released in Dec 2022
PRISM_ppt_30yr_normal_800mM4_06_bil,prism_ppt_m6,PRISM,ppt,30yr-normal,800mM4,6,bil,M4 released in Dec 2022
PRISM_ppt_30yr_normal_800mM4_07_bil,prism_ppt_m7,PRISM,ppt,30yr-normal,800mM4,7,bil,M4 released in Dec 2022
PRISM_ppt_30yr_normal_800mM4_08_bil,prism_ppt_m8,PRISM,ppt,30yr-normal,800mM4,8,bil,M4 released in Dec 2022
PRISM_ppt_30yr_normal_800mM4_09_bil,prism_ppt_m9,PRISM,ppt,30yr-normal,800mM4,9,bil,M4 released in Dec 2022
PRISM_ppt_30yr_normal_800mM4_10_bil,prism_ppt_m10,PRISM,ppt,30yr-normal,800mM4,10,bil,M4 released in Dec 2022
PRISM_ppt_30yr_normal_800mM4_11_bil,prism_ppt_m11,PRISM,ppt,30yr-normal,800mM4,11,bil,M4 released in Dec 2022
PRISM_ppt_30yr_normal_800mM4_12_bil,prism_ppt_m12,PRISM,ppt,30yr-normal,800mM4,12,bil,M4 released in Dec 2022
PRISM_ppt_30yr_normal_800mM4_annual_bil,prism_ppt_ann,PRISM,ppt,30yr-normal,800mM4,annual,bil,M4 released in Dec 2022
PRISM_tmax_30yr_normal_800mM5_annual_bil,prism_tmax_ann,PRISM,tmax,30yr-normal,800mM5,annual,bil,M5 released in Jan 2024
PRISM_tmean_30yr_normal_800mM5_annual_bil,prism_tmean_ann,PRISM,tmean,30yr-normal,800mM5,annual,bil,M5 released in Jan 2024
PRISM_tmin_30yr_normal_800mM5_annual_bil,prism_tmin_ann,PRISM,tmin,30yr-normal,800mM5,annual,bil,M5 released in Jan 2024
PRISM_ppt_30yr_normal_800mD1_0101_bil,,PRISM,ppt,30yr-normal,800mD1,101,bil,
PRISM_tmax_30yr_normal_800mD1_0101_bil,,PRISM,tmax,30yr-normal,800mD1,101,bil,
PRISM_tmin_30yr_normal_800mD1_0101_bil,,PRISM,tmin,30yr-normal,800mD1,101,bil,
PRISM_ppt_30yr_normal_800mD1_0102_bil,,PRISM,ppt,30yr-normal,800mD1,102,bil,
PRISM_tmax_30yr_normal_800mD1_0102_bil,,PRISM,tmax,30yr-normal,800mD1,102,bil,
PRISM_tmin_30yr_normal_800mD1_0102_bil,,PRISM,tmin,30yr-normal,800mD1,102,bil,
PRISM_ppt_30yr_normal_800mD1_0103_bil,,PRISM,ppt,30yr-normal,800mD1,103,bil,
PRISM_tmax_30yr_normal_800mD1_0103_bil,,PRISM,tmax,30yr-normal,800mD1,103,bil,
PRISM_tmin_30yr_normal_800mD1_0103_bil,,PRISM,tmin,30yr-normal,800mD1,103,bil,
PRISM_ppt_30yr_normal_800mD1_0104_bil,,PRISM,ppt,30yr-normal,800mD1,104,bil,
PRISM_tmax_30yr_normal_800mD1_0104_bil,,PRISM,tmax,30yr-normal,800mD1,104,bil,
PRISM_tmin_30yr_normal_800mD1_0104_bil,,PRISM,tmin,30yr-normal,800mD1,104,bil,
PRISM_ppt_30yr_normal_800mD1_0105_bil,,PRISM,ppt,30yr-normal,800mD1,105,bil,
PRISM_tmax_30yr_normal_800mD1_0105_bil,,PRISM,tmax,30yr-normal,800mD1,105,bil,
PRISM_tmin_30yr_normal_800mD1_0105_bil,,PRISM,tmin,30yr-normal,800mD1,105,bil,
PRISM_ppt_30yr_normal_800mD1_0106_bil,,PRISM,ppt,30yr-normal,800mD1,106,bil,
PRISM_tmax_30yr_normal_800mD1_0106_bil,,PRISM,tmax,30yr-normal,800mD1,106,bil,
PRISM_tmin_30yr_normal_800mD1_0106_bil,,PRISM,tmin,30yr-normal,800mD1,106,bil,
PRISM_ppt_30yr_normal_800mD1_0107_bil,,PRISM,ppt,30yr-normal,800mD1,107,bil,
PRISM_tmax_30yr_normal_800mD1_0107_bil,,PRISM,tmax,30yr-normal,800mD1,107,bil,
PRISM_tmin_30yr_normal_800mD1_0107_bil,,PRISM,tmin,30yr-normal,800mD1,107,bil,
PRISM_ppt_30yr_normal_800mD1_0108_bil,,PRISM,ppt,30yr-normal,800mD1,108,bil,
PRISM_tmax_30yr_normal_800mD1_0108_bil,,PRISM,tmax,30yr-normal,800mD1,108,bil,
PRISM_tmin_30yr_normal_800mD1_0108_bil,,PRISM,tmin,30yr-normal,800mD1,108,bil,
PRISM_ppt_30yr_normal_800mD1_0109_bil,,PRISM,ppt,30yr-normal,800mD1,109,bil,
PRISM_tmax_30yr_normal_800mD1_0109_bil,,PRISM,tmax,30yr-normal,800mD1,109,bil,
PRISM_tmin_30yr_normal_800mD1_0109_bil,,PRISM,tmin,30yr-normal,800mD1,109,bil,
PRISM_ppt_30yr_normal_800mD1_0110_bil,,PRISM,ppt,30yr-normal,800mD1,110,bil,
PRISM_tmax_30yr_normal_800mD1_0110_bil,,PRISM,tmax,30yr-normal,800mD1,110,bil,
PRISM_tmin_30yr_normal_800mD1_0110_bil,,PRISM,tmin,30yr-normal,800mD1,110,bil,
PRISM_ppt_30yr_normal_800mD1_0111_bil,,PRISM,ppt,30yr-normal,800mD1,111,bil,
PRISM_tmax_30yr_normal_800mD1_0111_bil,,PRISM,tmax,30yr-normal,800mD1,111,bil,
PRISM_tmin_30yr_normal_800mD1_0111_bil,,PRISM,tmin,30yr-normal,800mD1,111,bil,
PRISM_ppt_30yr_normal_800mD1_0112_bil,,PRISM,ppt,30yr-normal,800mD1,112,bil,
PRISM_tmax_30yr_normal_800mD1_0112_bil,,PRISM,tmax,30yr-normal,800mD1,112,bil,
PRISM_tmin_30yr_normal_800mD1_0112_bil,,PRISM,tmin,30yr-normal,800mD1,112,bil,
PRISM_ppt_30yr_normal_800mD1_0113_bil,,PRISM,ppt,30yr-normal,800mD1,113,bil,
PRISM_tmax_30yr_normal_800mD1_0113_bil,,PRISM,tmax,30yr-normal,800mD1,113,bil,
PRISM_tmin_30yr_normal_800mD1_0113_bil,,PRISM,tmin,30yr-normal,800mD1,113,bil,
PRISM_ppt_30yr_normal_800mD1_0114_bil,,PRISM,ppt,30yr-normal,800mD1,114,bil,
PRISM_tmax_30yr_normal_800mD1_0114_bil,,PRISM,tmax,30yr-normal,800mD1,114,bil,
PRISM_tmin_30yr_normal_800mD1_0114_bil,,PRISM,tmin,30yr-normal,800mD1,114,bil,
PRISM_ppt_30yr_normal_800mD1_0115_bil,,PRISM,ppt,30yr-normal,800mD1,115,bil,
PRISM_tmax_30yr_normal_800mD1_0115_bil,,PRISM,tmax,30yr-normal,800mD1,115,bil,
PRISM_tmin_30yr_normal_800mD1_0115_bil,,PRISM,tmin,30yr-normal,800mD1,115,bil,
PRISM_ppt_30yr_normal_800mD1_0116_bil,,PRISM,ppt,30yr-normal,800mD1,116,bil,
PRISM_tmax_30yr_normal_800mD1_0116_bil,,PRISM,tmax,30yr-normal,800mD1,116,bil,
PRISM_tmin_30yr_normal_800mD1_0116_bil,,PRISM,tmin,30yr-normal,800mD1,116,bil,
PRISM_ppt_30yr_normal_800mD1_0117_bil,,PRISM,ppt,30yr-normal,800mD1,117,bil,
PRISM_tmax_30yr_normal_800mD1_0117_bil,,PRISM,tmax,30yr-normal,800mD1,117,bil,
PRISM_tmin_30yr_normal_800mD1_0117_bil,,PRISM,tmin,30yr-normal,800mD1,117,bil,
PRISM_ppt_30yr_normal_800mD1_0118_bil,,PRISM,ppt,30yr-normal,800mD1,118,bil,
PRISM_tmax_30yr_normal_800mD1_0118_bil,,PRISM,tmax,30yr-normal,800mD1,118,bil,
PRISM_tmin_30yr_normal_800mD1_0118_bil,,PRISM,tmin,30yr-normal,800mD1,118,bil,
PRISM_ppt_30yr_normal_800mD1_0119_bil,,PRISM,ppt,30yr-normal,800mD1,119,bil,
PRISM_tmax_30yr_normal_800mD1_0119_bil,,PRISM,tmax,30yr-normal,800mD1,119,bil,
PRISM_tmin_30yr_normal_800mD1_0119_bil,,PRISM,tmin,30yr-normal,800mD1,119,bil,
PRISM_ppt_30yr_normal_800mD1_0120_bil,,PRISM,ppt,30yr-normal,800mD1,120,bil,
PRISM_tmax_30yr_normal_800mD1_0120_bil,,PRISM,tmax,30yr-normal,800mD1,120,bil,
PRISM_tmin_30yr_normal_800mD1_0120_bil,,PRISM,tmin,30yr-normal,800mD1,120,bil,
PRISM_ppt_30yr_normal_800mD1_0121_bil,,PRISM,ppt,30yr-normal,800mD1,121,bil,
PRISM_tmax_30yr_normal_800mD1_0121_bil,,PRISM,tmax,30yr-normal,800mD1,121,bil,
PRISM_tmin_30yr_normal_800mD1_0121_bil,,PRISM,tmin,30yr-normal,800mD1,121,bil,
PRISM_ppt_30yr_normal_800mD1_0122_bil,,PRISM,ppt,30yr-normal,800mD1,122,bil,
PRISM_tmax_30yr_normal_800mD1_0122_bil,,PRISM,tmax,30yr-normal,800mD1,122,bil,
PRISM_tmin_30yr_normal_800mD1_0122_bil,,PRISM,tmin,30yr-normal,800mD1,122,bil,
PRISM_ppt_30yr_normal_800mD1_0123_bil,,PRISM,ppt,30yr-normal,800mD1,123,bil,
PRISM_tmax_30yr_normal_800mD1_0123_bil,,PRISM,tmax,30yr-normal,800mD1,123,bil,
PRISM_tmin_30yr_normal_800mD1_0123_bil,,PRISM,tmin,30yr-normal,800mD1,123,bil,
PRISM_ppt_30yr_normal_800mD1_0124_bil,,PRISM,ppt,30yr-normal,800mD1,124,bil,
PRISM_tmax_30yr_normal_800mD1_0124_bil,,PRISM,tmax,30yr-normal,800mD1,124,bil,
PRISM_tmin_30yr_normal_800mD1_0124_bil,,PRISM,tmin,30yr-normal,800mD1,124,bil,
PRISM_ppt_30yr_normal_800mD1_0125_bil,,PRISM,ppt,30yr-normal,800mD1,125,bil,
PRISM_tmax_30yr_normal_800mD1_0125_bil,,PRISM,tmax,30yr-normal,800mD1,125,bil,
PRISM_tmin_30yr_normal_800mD1_0125_bil,,PRISM,tmin,30yr-normal,800mD1,125,bil,
PRISM_ppt_30yr_normal_800mD1_0126_bil,,PRISM,ppt,30yr-normal,800mD1,126,bil,
PRISM_tmax_30yr_normal_800mD1_0126_bil,,PRISM,tmax,30yr-normal,800mD1,126,bil,
PRISM_tmin_30yr_normal_800mD1_0126_bil,,PRISM,tmin,30yr-normal,800mD1,126,bil,
PRISM_ppt_30yr_normal_800mD1_0127_bil,,PRISM,ppt,30yr-normal,800mD1,127,bil,
PRISM_tmax_30yr_normal_800mD1_0127_bil,,PRISM,tmax,30yr-normal,800mD1,127,bil,
PRISM_tmin_30yr_normal_800mD1_0127_bil,,PRISM,tmin,30yr-normal,800mD1,127,bil,
PRISM_ppt_30yr_normal_800mD1_0128_bil,,PRISM,ppt,30yr-normal,800mD1,128,bil,
PRISM_tmax_30yr_normal_800mD1_0128_bil,,PRISM,tmax,30yr-normal,800mD1,128,bil,
PRISM_tmin_30yr_normal_800mD1_0128_bil,,PRISM,tmin,30yr-normal,800mD1,128,bil,
PRISM_ppt_30yr_normal_800mD1_0129_bil,,PRISM,ppt,30yr-normal,800mD1,129,bil,
PRISM_tmax_30yr_normal_800mD1_0129_bil,,PRISM,tmax,30yr-normal,800mD1,129,bil,
PRISM_tmin_30yr_normal_800mD1_0129_bil,,PRISM,tmin,30yr-normal,800mD1,129,bil,
PRISM_ppt_30yr_normal_800mD1_0130_bil,,PRISM,ppt,30yr-normal,800mD1,130,bil,
PRISM_tmax_30yr_normal_800mD1_0130_bil,,PRISM,tmax,30yr-normal,800mD1,130,bil,
PRISM_tmin_30yr_normal_800mD1_0130_bil,,PRISM,tmin,30yr-normal,800mD1,130,bil,
PRISM_ppt_30yr_normal_800mD1_0131_bil,,PRISM,ppt,30yr-normal,800mD1,131,bil,
PRISM_tmax_30yr_normal_800mD1_0131_bil,,PRISM,tmax,30yr-normal,800mD1,131,bil,
PRISM_tmin_30yr_normal_800mD1_0131_bil,,PRISM,tmin,30yr-normal,800mD1,131,bil,
PRISM_ppt_30yr_normal_800mD1_0201_bil,,PRISM,ppt,30yr-normal,800mD1,201,bil,
PRISM_tmax_30yr_normal_800mD1_0201_bil,,PRISM,tmax,30yr-normal,800mD1,201,bil,
PRISM_tmin_30yr_normal_800mD1_0201_bil,,PRISM,tmin,30yr-normal,800mD1,201,bil,
PRISM_ppt_30yr_normal_800mD1_0202_bil,,PRISM,ppt,30yr-normal,800mD1,202,bil,
PRISM_tmax_30yr_normal_800mD1_0202_bil,,PRISM,tmax,30yr-normal,800mD1,202,bil,
PRISM_tmin_30yr_normal_800mD1_0202_bil,,PRISM,tmin,30yr-normal,800mD1,202,bil,
PRISM_ppt_30yr_normal_800mD1_0203_bil,,PRISM,ppt,30yr-normal,800mD1,203,bil,
PRISM_tmax_30yr_normal_800mD1_0203_bil,,PRISM,tmax,30yr-normal,800mD1,203,bil,
PRISM_tmin_30yr_normal_800mD1_0203_bil,,PRISM,tmin,30yr-normal,800mD1,203,bil,
PRISM_ppt_30yr_normal_800mD1_0204_bil,,PRISM,ppt,30yr-normal,800mD1,204,bil,
PRISM_tmax_30yr_normal_800mD1_0204_bil,,PRISM,tmax,30yr-normal,800mD1,204,bil,
PRISM_tmin_30yr_normal_800mD1_0204_bil,,PRISM,tmin,30yr-normal,800mD1,204,bil,
PRISM_ppt_30yr_normal_800mD1_0205_bil,,PRISM,ppt,30yr-normal,800mD1,205,bil,
PRISM_tmax_30yr_normal_800mD1_0205_bil,,PRISM,tmax,30yr-normal,800mD1,205,bil,
PRISM_tmin_30yr_normal_800mD1_0205_bil,,PRISM,tmin,30yr-normal,800mD1,205,bil,
PRISM_ppt_30yr_normal_800mD1_0206_bil,,PRISM,ppt,30yr-normal,800mD1,206,bil,
PRISM_tmax_30yr_normal_800mD1_0206_bil,,PRISM,tmax,30yr-normal,800mD1,206,bil,
PRISM_tmin_30yr_normal_800mD1_0206_bil,,PRISM,tmin,30yr-normal,800mD1,206,bil,
PRISM_ppt_30yr_normal_800mD1_0207_bil,,PRISM,ppt,30yr-normal,800mD1,207,bil,
PRISM_tmax_30yr_normal_800mD1_0207_bil,,PRISM,tmax,30yr-normal,800mD1,207,bil,
PRISM_tmin_30yr_normal_800mD1_0207_bil,,PRISM,tmin,30yr-normal,800mD1,207,bil,
PRISM_ppt_30yr_normal_800mD1_0208_bil,,PRISM,ppt,30yr-normal,800mD1,208,bil,
PRISM_tmax_30yr_normal_800mD1_0208_bil,,PRISM,tmax,30yr-normal,800mD1,208,bil,
PRISM_tmin_30yr_normal_800mD1_0208_bil,,PRISM,tmin,30yr-normal,800mD1,208,bil,
PRISM_ppt_30yr_normal_800mD1_0209_bil,,PRISM,ppt,30yr-normal,800mD1,209,bil,
PRISM_tmax_30yr_normal_800mD1_0209_bil,,PRISM,tmax,30yr-normal,800mD1,209,bil,
PRISM_tmin_30yr_normal_800mD1_0209_bil,,PRISM,tmin,30yr-normal,800mD1,209,bil,
PRISM_ppt_30yr_normal_800mD1_0210_bil,,PRISM,ppt,30yr-normal,800mD1,210,bil,
PRISM_tmax_30yr_normal_800mD1_0210_bil,,PRISM,tmax,30yr-normal,800mD1,210,bil,
PRISM_tmin_30yr_normal_800mD1_0210_bil,,PRISM,tmin,30yr-normal,800mD1,210,bil,
PRISM_ppt_30yr_normal_800mD1_0211_bil,,PRISM,ppt,30yr-normal,800mD1,211,bil,
PRISM_tmax_30yr_normal_800mD1_0211_bil,,PRISM,tmax,30yr-normal,800mD1,211,bil,
PRISM_tmin_30yr_normal_800mD1_0211_bil,,PRISM,tmin,30yr-normal,800mD1,211,bil,
PRISM_ppt_30yr_normal_800mD1_0212_bil,,PRISM,ppt,30yr-normal,800mD1,212,bil,
PRISM_tmax_30yr_normal_800mD1_0212_bil,,PRISM,tmax,30yr-normal,800mD1,212,bil,
PRISM_tmin_30yr_normal_800mD1_0212_bil,,PRISM,tmin,30yr-normal,800mD1,212,bil,
PRISM_ppt_30yr_normal_800mD1_0213_bil,,PRISM,ppt,30yr-normal,800mD1,213,bil,
PRISM_tmax_30yr_normal_800mD1_0213_bil,,PRISM,tmax,30yr-normal,800mD1,213,bil,
PRISM_tmin_30yr_normal_800mD1_0213_bil,,PRISM,tmin,30yr-normal,800mD1,213,bil,
PRISM_ppt_30yr_normal_800mD1_0214_bil,,PRISM,ppt,30yr-normal,800mD1,214,bil,
PRISM_tmax_30yr_normal_800mD1_0214_bil,,PRISM,tmax,30yr-normal,800mD1,214,bil,
PRISM_tmin_30yr_normal_800mD1_0214_bil,,PRISM,tmin,30yr-normal,800mD1,214,bil,
PRISM_ppt_30yr_normal_800mD1_0215_bil,,PRISM,ppt,30yr-normal,800mD1,215,bil,
PRISM_tmax_30yr_normal_800mD1_0215_bil,,PRISM,tmax,30yr-normal,800mD1,215,bil,
PRISM_tmin_30yr_normal_800mD1_0215_bil,,PRISM,tmin,30yr-normal,800mD1,215,bil,
PRISM_ppt_30yr_normal_800mD1_0216_bil,,PRISM,ppt,30yr-normal,800mD1,216,bil,
PRISM_tmax_30yr_normal_800mD1_0216_bil,,PRISM,tmax,30yr-normal,800mD1,216,bil,
PRISM_tmin_30yr_normal_800mD1_0216_bil,,PRISM,tmin,30yr-normal,800mD1,216,bil,
PRISM_ppt_30yr_normal_800mD1_0217_bil,,PRISM,ppt,30yr-normal,800mD1,217,bil,
PRISM_tmax_30yr_normal_800mD1_0217_bil,,PRISM,tmax,30yr-normal,800mD1,217,bil,
PRISM_tmin_30yr_normal_800mD1_0217_bil,,PRISM,tmin,30yr-normal,800mD1,217,bil,
PRISM_ppt_30yr_normal_800mD1_0218_bil,,PRISM,ppt,30yr-normal,800mD1,218,bil,
PRISM_tmax_30yr_normal_800mD1_0218_bil,,PRISM,tmax,30yr-normal,800mD1,218,bil,
PRISM_tmin_30yr_normal_800mD1_0218_bil,,PRISM,tmin,30yr-normal,800mD1,218,bil,
PRISM_ppt_30yr_normal_800mD1_0219_bil,,PRISM,ppt,30yr-normal,800mD1,219,bil,
PRISM_tmax_30yr_normal_800mD1_0219_bil,,PRISM,tmax,30yr-normal,800mD1,219,bil,
PRISM_tmin_30yr_normal_800mD1_0219_bil,,PRISM,tmin,30yr-normal,800mD1,219,bil,
PRISM_ppt_30yr_normal_800mD1_0220_bil,,PRISM,ppt,30yr-normal,800mD1,220,bil,
PRISM_tmax_30yr_normal_800mD1_0220_bil,,PRISM,tmax,30yr-normal,800mD1,220,bil,
PRISM_tmin_30yr_normal_800mD1_0220_bil,,PRISM,tmin,30yr-normal,800mD1,220,bil,
PRISM_ppt_30yr_normal_800mD1_0221_bil,,PRISM,ppt,30yr-normal,800mD1,221,bil,
PRISM_tmax_30yr_normal_800mD1_0221_bil,,PRISM,tmax,30yr-normal,800mD1,221,bil,
PRISM_tmin_30yr_normal_800mD1_0221_bil,,PRISM,tmin,30yr-normal,800mD1,221,bil,
PRISM_ppt_30yr_normal_800mD1_0222_bil,,PRISM,ppt,30yr-normal,800mD1,222,bil,
PRISM_tmax_30yr_normal_800mD1_0222_bil,,PRISM,tmax,30yr-normal,800mD1,222,bil,
PRISM_tmin_30yr_normal_800mD1_0222_bil,,PRISM,tmin,30yr-normal,800mD1,222,bil,
PRISM_ppt_30yr_normal_800mD1_0223_bil,,PRISM,ppt,30yr-normal,800mD1,223,bil,
PRISM_tmax_30yr_normal_800mD1_0223_bil,,PRISM,tmax,30yr-normal,800mD1,223,bil,
PRISM_tmin_30yr_normal_800mD1_0223_bil,,PRISM,tmin,30yr-normal,800mD1,223,bil,
PRISM_ppt_30yr_normal_800mD1_0224_bil,,PRISM,ppt,30yr-normal,800mD1,224,bil,
PRISM_tmax_30yr_normal_800mD1_0224_bil,,PRISM,tmax,30yr-normal,800mD1,224,bil,
PRISM_tmin_30yr_normal_800mD1_0224_bil,,PRISM,tmin,30yr-normal,800mD1,224,bil,
PRISM_ppt_30yr_normal_800mD1_0225_bil,,PRISM,ppt,30yr-normal,800mD1,225,bil,
PRISM_tmax_30yr_normal_800mD1_0225_bil,,PRISM,tmax,30yr-normal,800mD1,225,bil,
PRISM_tmin_30yr_normal_800mD1_0225_bil,,PRISM,tmin,30yr-normal,800mD1,225,bil,
PRISM_ppt_30yr_normal_800mD1_0226_bil,,PRISM,ppt,30yr-normal,800mD1,226,bil,
PRISM_tmax_30yr_normal_800mD1_0226_bil,,PRISM,tmax,30yr-normal,800mD1,226,bil,
PRISM_tmin_30yr_normal_800mD1_0226_bil,,PRISM,tmin,30yr-normal,800mD1,226,bil,
PRISM_ppt_30yr_normal_800mD1_0227_bil,,PRISM,ppt,30yr-normal,800mD1,227,bil,
PRISM_tmax_30yr_normal_800mD1_0227_bil,,PRISM,tmax,30yr-normal,800mD1,227,bil,
PRISM_tmin_30yr_normal_800mD1_0227_bil,,PRISM,tmin,30yr-normal,800mD1,227,bil,
PRISM_ppt_30yr_normal_800mD1_0228_bil,,PRISM,ppt,30yr-normal,800mD1,228,bil,
PRISM_tmax_30yr_normal_800mD1_0228_bil,,PRISM,tmax,30yr-normal,800mD1,228,bil,
PRISM_tmin_30yr_normal_800mD1_0228_bil,,PRISM,tmin,30yr-normal,800mD1,228,bil,
PRISM_ppt_30yr_normal_800mD1_0229_bil,,PRISM,ppt,30yr-normal,800mD1,229,bil,
PRISM_tmax_30yr_normal_800mD1_0229_bil,,PRISM,tmax,30yr-normal,800mD1,229,bil,
PRISM_tmin_30yr_normal_800mD1_0229_bil,,PRISM,tmin,30yr-normal,800mD1,229,bil,
PRISM_ppt_30yr_normal_800mD1_0301_bil,,PRISM,ppt,30yr-normal,800mD1,301,bil,
PRISM_tmax_30yr_normal_800mD1_0301_bil,,PRISM,tmax,30yr-normal,800mD1,301,bil,
PRISM_tmin_30yr_normal_800mD1_0301_bil,,PRISM,tmin,30yr-normal,800mD1,301,bil,
PRISM_ppt_30yr_normal_800mD1_0302_bil,,PRISM,ppt,30yr-normal,800mD1,302,bil,
PRISM_tmax_30yr_normal_800mD1_0302_bil,,PRISM,tmax,30yr-normal,800mD1,302,bil,
PRISM_tmin_30yr_normal_800mD1_0302_bil,,PRISM,tmin,30yr-normal,800mD1,302,bil,
PRISM_ppt_30yr_normal_800mD1_0303_bil,,PRISM,ppt,30yr-normal,800mD1,303,bil,
PRISM_tmax_30yr_normal_800mD1_0303_bil,,PRISM,tmax,30yr-normal,800mD1,303,bil,
PRISM_tmin_30yr_normal_800mD1_0303_bil,,PRISM,tmin,30yr-normal,800mD1,303,bil,
PRISM_ppt_30yr_normal_800mD1_0304_bil,,PRISM,ppt,30yr-normal,800mD1,304,bil,
PRISM_tmax_30yr_normal_800mD1_0304_bil,,PRISM,tmax,30yr-normal,800mD1,304,bil,
PRISM_tmin_30yr_normal_800mD1_0304_bil,,PRISM,tmin,30yr-normal,800mD1,304,bil,
PRISM_ppt_30yr_normal_800mD1_0305_bil,,PRISM,ppt,30yr-normal,800mD1,305,bil,
PRISM_tmax_30yr_normal_800mD1_0305_bil,,PRISM,tmax,30yr-normal,800mD1,305,bil,
PRISM_tmin_30yr_normal_800mD1_0305_bil,,PRISM,tmin,30yr-normal,800mD1,305,bil,
PRISM_ppt_30yr_normal_800mD1_0306_bil,,PRISM,ppt,30yr-normal,800mD1,306,bil,
PRISM_tmax_30yr_normal_800mD1_0306_bil,,PRISM,tmax,30yr-normal,800mD1,306,bil,
PRISM_tmin_30yr_normal_800mD1_0306_bil,,PRISM,tmin,30yr-normal,800mD1,306,bil,
PRISM_ppt_30yr_normal_800mD1_0307_bil,,PRISM,ppt,30yr-normal,800mD1,307,bil,
PRISM_tmax_30yr_normal_800mD1_0307_bil,,PRISM,tmax,30yr-normal,800mD1,307,bil,
PRISM_tmin_30yr_normal_800mD1_0307_bil,,PRISM,tmin,30yr-normal,800mD1,307,bil,
PRISM_ppt_30yr_normal_800mD1_0308_bil,,PRISM,ppt,30yr-normal,800mD1,308,bil,
PRISM_tmax_30yr_normal_800mD1_0308_bil,,PRISM,tmax,30yr-normal,800mD1,308,bil,
PRISM_tmin_30yr_normal_800mD1_0308_bil,,PRISM,tmin,30yr-normal,800mD1,308,bil,
PRISM_ppt_30yr_normal_800mD1_0309_bil,,PRISM,ppt,30yr-normal,800mD1,309,bil,
PRISM_tmax_30yr_normal_800mD1_0309_bil,,PRISM,tmax,30yr-normal,800mD1,309,bil,
PRISM_tmin_30yr_normal_800mD1_0309_bil,,PRISM,tmin,30yr-normal,800mD1,309,bil,
PRISM_ppt_30yr_normal_800mD1_0310_bil,,PRISM,ppt,30yr-normal,800mD1,310,bil,
PRISM_tmax_30yr_normal_800mD1_0310_bil,,PRISM,tmax,30yr-normal,800mD1,310,bil,
PRISM_tmin_30yr_normal_800mD1_0310_bil,,PRISM,tmin,30yr-normal,800mD1,310,bil,
PRISM_ppt_30yr_normal_800mD1_0311_bil,,PRISM,ppt,30yr-normal,800mD1,311,bil,
PRISM_tmax_30yr_normal_800mD1_0311_bil,,PRISM,tmax,30yr-normal,800mD1,311,bil,
PRISM_tmin_30yr_normal_800mD1_0311_bil,,PRISM,tmin,30yr-normal,800mD1,311,bil,
PRISM_ppt_30yr_normal_800mD1_0312_bil,,PRISM,ppt,30yr-normal,800mD1,312,bil,
PRISM_tmax_30yr_normal_800mD1_0312_bil,,PRISM,tmax,30yr-normal,800mD1,312,bil,
PRISM_tmin_30yr_normal_800mD1_0312_bil,,PRISM,tmin,30yr-normal,800mD1,312,bil,
PRISM_ppt_30yr_normal_800mD1_0313_bil,,PRISM,ppt,30yr-normal,800mD1,313,bil,
PRISM_tmax_30yr_normal_800mD1_0313_bil,,PRISM,tmax,30yr-normal,800mD1,313,bil,
PRISM_tmin_30yr_normal_800mD1_0313_bil,,PRISM,tmin,30yr-normal,800mD1,313,bil,
PRISM_ppt_30yr_normal_800mD1_0314_bil,,PRISM,ppt,30yr-normal,800mD1,314,bil,
PRISM_tmax_30yr_normal_800mD1_0314_bil,,PRISM,tmax,30yr-normal,800mD1,314,bil,
PRISM_tmin_30yr_normal_800mD1_0314_bil,,PRISM,tmin,30yr-normal,800mD1,314,bil,
PRISM_ppt_30yr_normal_800mD1_0315_bil,,PRISM,ppt,30yr-normal,800mD1,315,bil,
PRISM_tmax_30yr_normal_800mD1_0315_bil,,PRISM,tmax,30yr-normal,800mD1,315,bil,
PRISM_tmin_30yr_normal_800mD1_0315_bil,,PRISM,tmin,30yr-normal,800mD1,315,bil,
PRISM_ppt_30yr_normal_800mD1_0316_bil,,PRISM,ppt,30yr-normal,800mD1,316,bil,
PRISM_tmax_30yr_normal_800mD1_0316_bil,,PRISM,tmax,30yr-normal,800mD1,316,bil,
PRISM_tmin_30yr_normal_800mD1_0316_bil,,PRISM,tmin,30yr-normal,800mD1,316,bil,
PRISM_ppt_30yr_normal_800mD1_0317_bil,,PRISM,ppt,30yr-normal,800mD1,317,bil,
PRISM_tmax_30yr_normal_800mD1_0317_bil,,PRISM,tmax,30yr-normal,800mD1,317,bil,
PRISM_tmin_30yr_normal_800mD1_0317_bil,,PRISM,tmin,30yr-normal,800mD1,317,bil,
PRISM_ppt_30yr_normal_800mD1_0318_bil,,PRISM,ppt,30yr-normal,800mD1,318,bil,
PRISM_tmax_30yr_normal_800mD1_0318_bil,,PRISM,tmax,30yr-normal,800mD1,318,bil,
PRISM_tmin_30yr_normal_800mD1_0318_bil,,PRISM,tmin,30yr-normal,800mD1,318,bil,
PRISM_ppt_30yr_normal_800mD1_0319_bil,,PRISM,ppt,30yr-normal,800mD1,319,bil,
PRISM_tmax_30yr_normal_800mD1_0319_bil,,PRISM,tmax,30yr-normal,800mD1,319,bil,
PRISM_tmin_30yr_normal_800mD1_0319_bil,,PRISM,tmin,30yr-normal,800mD1,319,bil,
PRISM_ppt_30yr_normal_800mD1_0320_bil,,PRISM,ppt,30yr-normal,800mD1,320,bil,
PRISM_tmax_30yr_normal_800mD1_0320_bil,,PRISM,tmax,30yr-normal,800mD1,320,bil,
PRISM_tmin_30yr_normal_800mD1_0320_bil,,PRISM,tmin,30yr-normal,800mD1,320,bil,
PRISM_ppt_30yr_normal_800mD1_0321_bil,,PRISM,ppt,30yr-normal,800mD1,321,bil,
PRISM_tmax_30yr_normal_800mD1_0321_bil,,PRISM,tmax,30yr-normal,800mD1,321,bil,
PRISM_tmin_30yr_normal_800mD1_0321_bil,,PRISM,tmin,30yr-normal,800mD1,321,bil,
PRISM_ppt_30yr_normal_800mD1_0322_bil,,PRISM,ppt,30yr-normal,800mD1,322,bil,
PRISM_tmax_30yr_normal_800mD1_0322_bil,,PRISM,tmax,30yr-normal,800mD1,322,bil,
PRISM_tmin_30yr_normal_800mD1_0322_bil,,PRISM,tmin,30yr-normal,800mD1,322,bil,
PRISM_ppt_30yr_normal_800mD1_0323_bil,,PRISM,ppt,30yr-normal,800mD1,323,bil,
PRISM_tmax_30yr_normal_800mD1_0323_bil,,PRISM,tmax,30yr-normal,800mD1,323,bil,
PRISM_tmin_30yr_normal_800mD1_0323_bil,,PRISM,tmin,30yr-normal,800mD1,323,bil,
PRISM_ppt_30yr_normal_800mD1_0324_bil,,PRISM,ppt,30yr-normal,800mD1,324,bil,
PRISM_tmax_30yr_normal_800mD1_0324_bil,,PRISM,tmax,30yr-normal,800mD1,324,bil,
PRISM_tmin_30yr_normal_800mD1_0324_bil,,PRISM,tmin,30yr-normal,800mD1,324,bil,
PRISM_ppt_30yr_normal_800mD1_0325_bil,,PRISM,ppt,30yr-normal,800mD1,325,bil,
PRISM_tmax_30yr_normal_800mD1_0325_bil,,PRISM,tmax,30yr-normal,800mD1,325,bil,
PRISM_tmin_30yr_normal_800mD1_0325_bil,,PRISM,tmin,30yr-normal,800mD1,325,bil,
PRISM_ppt_30yr_normal_800mD1_0326_bil,,PRISM,ppt,30yr-normal,800mD1,326,bil,
PRISM_tmax_30yr_normal_800mD1_0326_bil,,PRISM,tmax,30yr-normal,800mD1,326,bil,
PRISM_tmin_30yr_normal_800mD1_0326_bil,,PRISM,tmin,30yr-normal,800mD1,326,bil,
PRISM_ppt_30yr_normal_800mD1_0327_bil,,PRISM,ppt,30yr-normal,800mD1,327,bil,
PRISM_tmax_30yr_normal_800mD1_0327_bil,,PRISM,tmax,30yr-normal,800mD1,327,bil,
PRISM_tmin_30yr_normal_800mD1_0327_bil,,PRISM,tmin,30yr-normal,800mD1,327,bil,
PRISM_ppt_30yr_normal_800mD1_0328_bil,,PRISM,ppt,30yr-normal,800mD1,328,bil,
PRISM_tmax_30yr_normal_800mD1_0328_bil,,PRISM,tmax,30yr-normal,800mD1,328,bil,
PRISM_tmin_30yr_normal_800mD1_0328_bil,,PRISM,tmin,30yr-normal,800mD1,328,bil,
PRISM_ppt_30yr_normal_800mD1_0329_bil,,PRISM,ppt,30yr-normal,800mD1,329,bil,
PRISM_tmax_30yr_normal_800mD1_0329_bil,,PRISM,tmax,30yr-normal,800mD1,329,bil,
PRISM_tmin_30yr_normal_800mD1_0329_bil,,PRISM,tmin,30yr-normal,800mD1,329,bil,
PRISM_ppt_30yr_normal_800mD1_0330_bil,,PRISM,ppt,30yr-normal,800mD1,330,bil,
PRISM_tmax_30yr_normal_800mD1_0330_bil,,PRISM,tmax,30yr-normal,800mD1,330,bil,
PRISM_tmin_30yr_normal_800mD1_0330_bil,,PRISM,tmin,30yr-normal,800mD1,330,bil,
PRISM_ppt_30yr_normal_800mD1_0331_bil,,PRISM,ppt,30yr-normal,800mD1,331,bil,
PRISM_tmax_30yr_normal_800mD1_0331_bil,,PRISM,tmax,30yr-normal,800mD1,331,bil,
PRISM_tmin_30yr_normal_800mD1_0331_bil,,PRISM,tmin,30yr-normal,800mD1,331,bil,
PRISM_ppt_30yr_normal_800mD1_0401_bil,,PRISM,ppt,30yr-normal,800mD1,401,bil,
PRISM_tmax_30yr_normal_800mD1_0401_bil,,PRISM,tmax,30yr-normal,800mD1,401,bil,
PRISM_tmin_30yr_normal_800mD1_0401_bil,,PRISM,tmin,30yr-normal,800mD1,401,bil,
PRISM_ppt_30yr_normal_800mD1_0402_bil,,PRISM,ppt,30yr-normal,800mD1,402,bil,
PRISM_tmax_30yr_normal_800mD1_0402_bil,,PRISM,tmax,30yr-normal,800mD1,402,bil,
PRISM_tmin_30yr_normal_800mD1_0402_bil,,PRISM,tmin,30yr-normal,800mD1,402,bil,
PRISM_ppt_30yr_normal_800mD1_0403_bil,,PRISM,ppt,30yr-normal,800mD1,403,bil,
PRISM_tmax_30yr_normal_800mD1_0403_bil,,PRISM,tmax,30yr-normal,800mD1,403,bil,
PRISM_tmin_30yr_normal_800mD1_0403_bil,,PRISM,tmin,30yr-normal,800mD1,403,bil,
PRISM_ppt_30yr_normal_800mD1_0404_bil,,PRISM,ppt,30yr-normal,800mD1,404,bil,
PRISM_tmax_30yr_normal_800mD1_0404_bil,,PRISM,tmax,30yr-normal,800mD1,404,bil,
PRISM_tmin_30yr_normal_800mD1_0404_bil,,PRISM,tmin,30yr-normal,800mD1,404,bil,
PRISM_ppt_30yr_normal_800mD1_0405_bil,,PRISM,ppt,30yr-normal,800mD1,405,bil,
PRISM_tmax_30yr_normal_800mD1_0405_bil,,PRISM,tmax,30yr-normal,800mD1,405,bil,
PRISM_tmin_30yr_normal_800mD1_0405_bil,,PRISM,tmin,30yr-normal,800mD1,405,bil,
PRISM_ppt_30yr_normal_800mD1_0406_bil,,PRISM,ppt,30yr-normal,800mD1,406,bil,
PRISM_tmax_30yr_normal_800mD1_0406_bil,,PRISM,tmax,30yr-normal,800mD1,406,bil,
PRISM_tmin_30yr_normal_800mD1_0406_bil,,PRISM,tmin,30yr-normal,800mD1,406,bil,
PRISM_ppt_30yr_normal_800mD1_0407_bil,,PRISM,ppt,30yr-normal,800mD1,407,bil,
PRISM_tmax_30yr_normal_800mD1_0407_bil,,PRISM,tmax,30yr-normal,800mD1,407,bil,
PRISM_tmin_30yr_normal_800mD1_0407_bil,,PRISM,tmin,30yr-normal,800mD1,407,bil,
PRISM_ppt_30yr_normal_800mD1_0408_bil,,PRISM,ppt,30yr-normal,800mD1,408,bil,
PRISM_tmax_30yr_normal_800mD1_0408_bil,,PRISM,tmax,30yr-normal,800mD1,408,bil,
PRISM_tmin_30yr_normal_800mD1_0408_bil,,PRISM,tmin,30yr-normal,800mD1,408,bil,
PRISM_ppt_30yr_normal_800mD1_0409_bil,,PRISM,ppt,30yr-normal,800mD1,409,bil,
PRISM_tmax_30yr_normal_800mD1_0409_bil,,PRISM,tmax,30yr-normal,800mD1,409,bil,
PRISM_tmin_30yr_normal_800mD1_0409_bil,,PRISM,tmin,30yr-normal,800mD1,409,bil,
PRISM_ppt_30yr_normal_800mD1_0410_bil,,PRISM,ppt,30yr-normal,800mD1,410,bil,
PRISM_tmax_30yr_normal_800mD1_0410_bil,,PRISM,tmax,30yr-normal,800mD1,410,bil,
PRISM_tmin_30yr_normal_800mD1_0410_bil,,PRISM,tmin,30yr-normal,800mD1,410,bil,
PRISM_ppt_30yr_normal_800mD1_0411_bil,,PRISM,ppt,30yr-normal,800mD1,411,bil,
PRISM_tmax_30yr_normal_800mD1_0411_bil,,PRISM,tmax,30yr-normal,800mD1,411,bil,
PRISM_tmin_30yr_normal_800mD1_0411_bil,,PRISM,tmin,30yr-normal,800mD1,411,bil,
PRISM_ppt_30yr_normal_800mD1_0412_bil,,PRISM,ppt,30yr-normal,800mD1,412,bil,
PRISM_tmax_30yr_normal_800mD1_0412_bil,,PRISM,tmax,30yr-normal,800mD1,412,bil,
PRISM_tmin_30yr_normal_800mD1_0412_bil,,PRISM,tmin,30yr-normal,800mD1,412,bil,
PRISM_ppt_30yr_normal_800mD1_0413_bil,,PRISM,ppt,30yr-normal,800mD1,413,bil,
PRISM_tmax_30yr_normal_800mD1_0413_bil,,PRISM,tmax,30yr-normal,800mD1,413,bil,
PRISM_tmin_30yr_normal_800mD1_0413_bil,,PRISM,tmin,30yr-normal,800mD1,413,bil,
PRISM_ppt_30yr_normal_800mD1_0414_bil,,PRISM,ppt,30yr-normal,800mD1,414,bil,
PRISM_tmax_30yr_normal_800mD1_0414_bil,,PRISM,tmax,30yr-normal,800mD1,414,bil,
PRISM_tmin_30yr_normal_800mD1_0414_bil,,PRISM,tmin,30yr-normal,800mD1,414,bil,
PRISM_ppt_30yr_normal_800mD1_0415_bil,,PRISM,ppt,30yr-normal,800mD1,415,bil,
PRISM_tmax_30yr_normal_800mD1_0415_bil,,PRISM,tmax,30yr-normal,800mD1,415,bil,
PRISM_tmin_30yr_normal_800mD1_0415_bil,,PRISM,tmin,30yr-normal,800mD1,415,bil,
PRISM_ppt_30yr_normal_800mD1_0416_bil,,PRISM,ppt,30yr-normal,800mD1,416,bil,
PRISM_tmax_30yr_normal_800mD1_0416_bil,,PRISM,tmax,30yr-normal,800mD1,416,bil,
PRISM_tmin_30yr_normal_800mD1_0416_bil,,PRISM,tmin,30yr-normal,800mD1,416,bil,
PRISM_ppt_30yr_normal_800mD1_0417_bil,,PRISM,ppt,30yr-normal,800mD1,417,bil,
PRISM_tmax_30yr_normal_800mD1_0417_bil,,PRISM,tmax,30yr-normal,800mD1,417,bil,
PRISM_tmin_30yr_normal_800mD1_0417_bil,,PRISM,tmin,30yr-normal,800mD1,417,bil,
PRISM_ppt_30yr_normal_800mD1_0418_bil,,PRISM,ppt,30yr-normal,800mD1,418,bil,
PRISM_tmax_30yr_normal_800mD1_0418_bil,,PRISM,tmax,30yr-normal,800mD1,418,bil,
PRISM_tmin_30yr_normal_800mD1_0418_bil,,PRISM,tmin,30yr-normal,800mD1,418,bil,
PRISM_ppt_30yr_normal_800mD1_0419_bil,,PRISM,ppt,30yr-normal,800mD1,419,bil,
PRISM_tmax_30yr_normal_800mD1_0419_bil,,PRISM,tmax,30yr-normal,800mD1,419,bil,
PRISM_tmin_30yr_normal_800mD1_0419_bil,,PRISM,tmin,30yr-normal,800mD1,419,bil,
PRISM_ppt_30yr_normal_800mD1_0420_bil,,PRISM,ppt,30yr-normal,800mD1,420,bil,
PRISM_tmax_30yr_normal_800mD1_0420_bil,,PRISM,tmax,30yr-normal,800mD1,420,bil,
PRISM_tmin_30yr_normal_800mD1_0420_bil,,PRISM,tmin,30yr-normal,800mD1,420,bil,
PRISM_ppt_30yr_normal_800mD1_0421_bil,,PRISM,ppt,30yr-normal,800mD1,421,bil,
PRISM_tmax_30yr_normal_800mD1_0421_bil,,PRISM,tmax,30yr-normal,800mD1,421,bil,
PRISM_tmin_30yr_normal_800mD1_0421_bil,,PRISM,tmin,30yr-normal,800mD1,421,bil,
PRISM_ppt_30yr_normal_800mD1_0422_bil,,PRISM,ppt,30yr-normal,800mD1,422,bil,
PRISM_tmax_30yr_normal_800mD1_0422_bil,,PRISM,tmax,30yr-normal,800mD1,422,bil,
PRISM_tmin_30yr_normal_800mD1_0422_bil,,PRISM,tmin,30yr-normal,800mD1,422,bil,
PRISM_ppt_30yr_normal_800mD1_0423_bil,,PRISM,ppt,30yr-normal,800mD1,423,bil,
PRISM_tmax_30yr_normal_800mD1_0423_bil,,PRISM,tmax,30yr-normal,800mD1,423,bil,
PRISM_tmin_30yr_normal_800mD1_0423_bil,,PRISM,tmin,30yr-normal,800mD1,423,bil,
PRISM_ppt_30yr_normal_800mD1_0424_bil,,PRISM,ppt,30yr-normal,800mD1,424,bil,
PRISM_tmax_30yr_normal_800mD1_0424_bil,,PRISM,tmax,30yr-normal,800mD1,424,bil,
PRISM_tmin_30yr_normal_800mD1_0424_bil,,PRISM,tmin,30yr-normal,800mD1,424,bil,
PRISM_ppt_30yr_normal_800mD1_0425_bil,,PRISM,ppt,30yr-normal,800mD1,425,bil,
PRISM_tmax_30yr_normal_800mD1_0425_bil,,PRISM,tmax,30yr-normal,800mD1,425,bil,
PRISM_tmin_30yr_normal_800mD1_0425_bil,,PRISM,tmin,30yr-normal,800mD1,425,bil,
PRISM_ppt_30yr_normal_800mD1_0426_bil,,PRISM,ppt,30yr-normal,800mD1,426,bil,
PRISM_tmax_30yr_normal_800mD1_0426_bil,,PRISM,tmax,30yr-normal,800mD1,426,bil,
PRISM_tmin_30yr_normal_800mD1_0426_bil,,PRISM,tmin,30yr-normal,800mD1,426,bil,
PRISM_ppt_30yr_normal_800mD1_0427_bil,,PRISM,ppt,30yr-normal,800mD1,427,bil,
PRISM_tmax_30yr_normal_800mD1_0427_bil,,PRISM,tmax,30yr-normal,800mD1,427,bil,
PRISM_tmin_30yr_normal_800mD1_0427_bil,,PRISM,tmin,30yr-normal,800mD1,427,bil,
PRISM_ppt_30yr_normal_800mD1_0428_bil,,PRISM,ppt,30yr-normal,800mD1,428,bil,
PRISM_tmax_30yr_normal_800mD1_0428_bil,,PRISM,tmax,30yr-normal,800mD1,428,bil,
PRISM_tmin_30yr_normal_800mD1_0428_bil,,PRISM,tmin,30yr-normal,800mD1,428,bil,
PRISM_ppt_30yr_normal_800mD1_0429_bil,,PRISM,ppt,30yr-normal,800mD1,429,bil,
PRISM_tmax_30yr_normal_800mD1_0429_bil,,PRISM,tmax,30yr-normal,800mD1,429,bil,
PRISM_tmin_30yr_normal_800mD1_0429_bil,,PRISM,tmin,30yr-normal,800mD1,429,bil,
PRISM_ppt_30yr_normal_800mD1_0430_bil,,PRISM,ppt,30yr-normal,800mD1,430,bil,
PRISM_tmax_30yr_normal_800mD1_0430_bil,,PRISM,tmax,30yr-normal,800mD1,430,bil,
PRISM_tmin_30yr_normal_800mD1_0430_bil,,PRISM,tmin,30yr-normal,800mD1,430,bil,
PRISM_ppt_30yr_normal_800mD1_0501_bil,,PRISM,ppt,30yr-normal,800mD1,501,bil,
PRISM_tmax_30yr_normal_800mD1_0501_bil,,PRISM,tmax,30yr-normal,800mD1,501,bil,
PRISM_tmin_30yr_normal_800mD1_0501_bil,,PRISM,tmin,30yr-normal,800mD1,501,bil,
PRISM_ppt_30yr_normal_800mD1_0502_bil,,PRISM,ppt,30yr-normal,800mD1,502,bil,
PRISM_tmax_30yr_normal_800mD1_0502_bil,,PRISM,tmax,30yr-normal,800mD1,502,bil,
PRISM_tmin_30yr_normal_800mD1_0502_bil,,PRISM,tmin,30yr-normal,800mD1,502,bil,
PRISM_ppt_30yr_normal_800mD1_0503_bil,,PRISM,ppt,30yr-normal,800mD1,503,bil,
PRISM_tmax_30yr_normal_800mD1_0503_bil,,PRISM,tmax,30yr-normal,800mD1,503,bil,
PRISM_tmin_30yr_normal_800mD1_0503_bil,,PRISM,tmin,30yr-normal,800mD1,503,bil,
PRISM_ppt_30yr_normal_800mD1_0504_bil,,PRISM,ppt,30yr-normal,800mD1,504,bil,
PRISM_tmax_30yr_normal_800mD1_0504_bil,,PRISM,tmax,30yr-normal,800mD1,504,bil,
PRISM_tmin_30yr_normal_800mD1_0504_bil,,PRISM,tmin,30yr-normal,800mD1,504,bil,
PRISM_ppt_30yr_normal_800mD1_0505_bil,,PRISM,ppt,30yr-normal,800mD1,505,bil,
PRISM_tmax_30yr_normal_800mD1_0505_bil,,PRISM,tmax,30yr-normal,800mD1,505,bil,
PRISM_tmin_30yr_normal_800mD1_0505_bil,,PRISM,tmin,30yr-normal,800mD1,505,bil,
PRISM_ppt_30yr_normal_800mD1_0506_bil,,PRISM,ppt,30yr-normal,800mD1,506,bil,
PRISM_tmax_30yr_normal_800mD1_0506_bil,,PRISM,tmax,30yr-normal,800mD1,506,bil,
PRISM_tmin_30yr_normal_800mD1_0506_bil,,PRISM,tmin,30yr-normal,800mD1,506,bil,
PRISM_ppt_30yr_normal_800mD1_0507_bil,,PRISM,ppt,30yr-normal,800mD1,507,bil,
PRISM_tmax_30yr_normal_800mD1_0507_bil,,PRISM,tmax,30yr-normal,800mD1,507,bil,
PRISM_tmin_30yr_normal_800mD1_0507_bil,,PRISM,tmin,30yr-normal,800mD1,507,bil,
PRISM_ppt_30yr_normal_800mD1_0508_bil,,PRISM,ppt,30yr-normal,800mD1,508,bil,
PRISM_tmax_30yr_normal_800mD1_0508_bil,,PRISM,tmax,30yr-normal,800mD1,508,bil,
PRISM_tmin_30yr_normal_800mD1_0508_bil,,PRISM,tmin,30yr-normal,800mD1,508,bil,
PRISM_ppt_30yr_normal_800mD1_0509_bil,,PRISM,ppt,30yr-normal,800mD1,509,bil,
PRISM_tmax_30yr_normal_800mD1_0509_bil,,PRISM,tmax,30yr-normal,800mD1,509,bil,
PRISM_tmin_30yr_normal_800mD1_0509_bil,,PRISM,tmin,30yr-normal,800mD1,509,bil,
PRISM_ppt_30yr_normal_800mD1_0510_bil,,PRISM,ppt,30yr-normal,800mD1,510,bil,
PRISM_tmax_30yr_normal_800mD1_0510_bil,,PRISM,tmax,30yr-normal,800mD1,510,bil,
PRISM_tmin_30yr_normal_800mD1_0510_bil,,PRISM,tmin,30yr-normal,800mD1,510,bil,
PRISM_ppt_30yr_normal_800mD1_0511_bil,,PRISM,ppt,30yr-normal,800mD1,511,bil,
PRISM_tmax_30yr_normal_800mD1_0511_bil,,PRISM,tmax,30yr-normal,800mD1,511,bil,
PRISM_tmin_30yr_normal_800mD1_0511_bil,,PRISM,tmin,30yr-normal,800mD1,511,bil,
PRISM_ppt_30yr_normal_800mD1_0512_bil,,PRISM,ppt,30yr-normal,800mD1,512,bil,
PRISM_tmax_30yr_normal_800mD1_0512_bil,,PRISM,tmax,30yr-normal,800mD1,512,bil,
PRISM_tmin_30yr_normal_800mD1_0512_bil,,PRISM,tmin,30yr-normal,800mD1,512,bil,
PRISM_ppt_30yr_normal_800mD1_0513_bil,,PRISM,ppt,30yr-normal,800mD1,513,bil,
PRISM_tmax_30yr_normal_800mD1_0513_bil,,PRISM,tmax,30yr-normal,800mD1,513,bil,
PRISM_tmin_30yr_normal_800mD1_0513_bil,,PRISM,tmin,30yr-normal,800mD1,513,bil,
PRISM_ppt_30yr_normal_800mD1_0514_bil,,PRISM,ppt,30yr-normal,800mD1,514,bil,
PRISM_tmax_30yr_normal_800mD1_0514_bil,,PRISM,tmax,30yr-normal,800mD1,514,bil,
PRISM_tmin_30yr_normal_800mD1_0514_bil,,PRISM,tmin,30yr-normal,800mD1,514,bil,
PRISM_ppt_30yr_normal_800mD1_0515_bil,,PRISM,ppt,30yr-normal,800mD1,515,bil,
PRISM_tmax_30yr_normal_800mD1_0515_bil,,PRISM,tmax,30yr-normal,800mD1,515,bil,
PRISM_tmin_30yr_normal_800mD1_0515_bil,,PRISM,tmin,30yr-normal,800mD1,515,bil,
PRISM_ppt_30yr_normal_800mD1_0516_bil,,PRISM,ppt,30yr-normal,800mD1,516,bil,
PRISM_tmax_30yr_normal_800mD1_0516_bil,,PRISM,tmax,30yr-normal,800mD1,516,bil,
PRISM_tmin_30yr_normal_800mD1_0516_bil,,PRISM,tmin,30yr-normal,800mD1,516,bil,
PRISM_ppt_30yr_normal_800mD1_0517_bil,,PRISM,ppt,30yr-normal,800mD1,517,bil,
PRISM_tmax_30yr_normal_800mD1_0517_bil,,PRISM,tmax,30yr-normal,800mD1,517,bil,
PRISM_tmin_30yr_normal_800mD1_0517_bil,,PRISM,tmin,30yr-normal,800mD1,517,bil,
PRISM_ppt_30yr_normal_800mD1_0518_bil,,PRISM,ppt,30yr-normal,800mD1,518,bil,
PRISM_tmax_30yr_normal_800mD1_0518_bil,,PRISM,tmax,30yr-normal,800mD1,518,bil,
PRISM_tmin_30yr_normal_800mD1_0518_bil,,PRISM,tmin,30yr-normal,800mD1,518,bil,
PRISM_ppt_30yr_normal_800mD1_0519_bil,,PRISM,ppt,30yr-normal,800mD1,519,bil,
PRISM_tmax_30yr_normal_800mD1_0519_bil,,PRISM,tmax,30yr-normal,800mD1,519,bil,
PRISM_tmin_30yr_normal_800mD1_0519_bil,,PRISM,tmin,30yr-normal,800mD1,519,bil,
PRISM_ppt_30yr_normal_800mD1_0520_bil,,PRISM,ppt,30yr-normal,800mD1,520,bil,
PRISM_tmax_30yr_normal_800mD1_0520_bil,,PRISM,tmax,30yr-normal,800mD1,520,bil,
PRISM_tmin_30yr_normal_800mD1_0520_bil,,PRISM,tmin,30yr-normal,800mD1,520,bil,
PRISM_ppt_30yr_normal_800mD1_0521_bil,,PRISM,ppt,30yr-normal,800mD1,521,bil,
PRISM_tmax_30yr_normal_800mD1_0521_bil,,PRISM,tmax,30yr-normal,800mD1,521,bil,
PRISM_tmin_30yr_normal_800mD1_0521_bil,,PRISM,tmin,30yr-normal,800mD1,521,bil,
PRISM_ppt_30yr_normal_800mD1_0522_bil,,PRISM,ppt,30yr-normal,800mD1,522,bil,
PRISM_tmax_30yr_normal_800mD1_0522_bil,,PRISM,tmax,30yr-normal,800mD1,522,bil,
PRISM_tmin_30yr_normal_800mD1_0522_bil,,PRISM,tmin,30yr-normal,800mD1,522,bil,
PRISM_ppt_30yr_normal_800mD1_0523_bil,,PRISM,ppt,30yr-normal,800mD1,523,bil,
PRISM_tmax_30yr_normal_800mD1_0523_bil,,PRISM,tmax,30yr-normal,800mD1,523,bil,
PRISM_tmin_30yr_normal_800mD1_0523_bil,,PRISM,tmin,30yr-normal,800mD1,523,bil,
PRISM_ppt_30yr_normal_800mD1_0524_bil,,PRISM,ppt,30yr-normal,800mD1,524,bil,
PRISM_tmax_30yr_normal_800mD1_0524_bil,,PRISM,tmax,30yr-normal,800mD1,524,bil,
PRISM_tmin_30yr_normal_800mD1_0524_bil,,PRISM,tmin,30yr-normal,800mD1,524,bil,
PRISM_ppt_30yr_normal_800mD1_0525_bil,,PRISM,ppt,30yr-normal,800mD1,525,bil,
PRISM_tmax_30yr_normal_800mD1_0525_bil,,PRISM,tmax,30yr-normal,800mD1,525,bil,
PRISM_tmin_30yr_normal_800mD1_0525_bil,,PRISM,tmin,30yr-normal,800mD1,525,bil,
PRISM_ppt_30yr_normal_800mD1_0526_bil,,PRISM,ppt,30yr-normal,800mD1,526,bil,
PRISM_tmax_30yr_normal_800mD1_0526_bil,,PRISM,tmax,30yr-normal,800mD1,526,bil,
PRISM_tmin_30yr_normal_800mD1_0526_bil,,PRISM,tmin,30yr-normal,800mD1,526,bil,
PRISM_ppt_30yr_normal_800mD1_0527_bil,,PRISM,ppt,30yr-normal,800mD1,527,bil,
PRISM_tmax_30yr_normal_800mD1_0527_bil,,PRISM,tmax,30yr-normal,800mD1,527,bil,
PRISM_tmin_30yr_normal_800mD1_0527_bil,,PRISM,tmin,30yr-normal,800mD1,527,bil,
PRISM_ppt_30yr_normal_800mD1_0528_bil,,PRISM,ppt,30yr-normal,800mD1,528,bil,
PRISM_tmax_30yr_normal_800mD1_0528_bil,,PRISM,tmax,30yr-normal,800mD1,528,bil,
PRISM_tmin_30yr_normal_800mD1_0528_bil,,PRISM,tmin,30yr-normal,800mD1,528,bil,
PRISM_ppt_30yr_normal_800mD1_0529_bil,,PRISM,ppt,30yr-normal,800mD1,529,bil,
PRISM_tmax_30yr_normal_800mD1_0529_bil,,PRISM,tmax,30yr-normal,800mD1,529,bil,
PRISM_tmin_30yr_normal_800mD1_0529_bil,,PRISM,tmin,30yr-normal,800mD1,529,bil,
PRISM_ppt_30yr_normal_800mD1_0530_bil,,PRISM,ppt,30yr-normal,800mD1,530,bil,
PRISM_tmax_30yr_normal_800mD1_0530_bil,,PRISM,tmax,30yr-normal,800mD1,530,bil,
PRISM_tmin_30yr_normal_800mD1_0530_bil,,PRISM,tmin,30yr-normal,800mD1,530,bil,
PRISM_ppt_30yr_normal_800mD1_0531_bil,,PRISM,ppt,30yr-normal,800mD1,531,bil,
PRISM_tmax_30yr_normal_800mD1_0531_bil,,PRISM,tmax,30yr-normal,800mD1,531,bil,
PRISM_tmin_30yr_normal_800mD1_0531_bil,,PRISM,tmin,30yr-normal,800mD1,531,bil,
PRISM_ppt_30yr_normal_800mD1_0601_bil,,PRISM,ppt,30yr-normal,800mD1,601,bil,
PRISM_tmax_30yr_normal_800mD1_0601_bil,,PRISM,tmax,30yr-normal,800mD1,601,bil,
PRISM_tmin_30yr_normal_800mD1_0601_bil,,PRISM,tmin,30yr-normal,800mD1,601,bil,
PRISM_ppt_30yr_normal_800mD1_0602_bil,,PRISM,ppt,30yr-normal,800mD1,602,bil,
PRISM_tmax_30yr_normal_800mD1_0602_bil,,PRISM,tmax,30yr-normal,800mD1,602,bil,
PRISM_tmin_30yr_normal_800mD1_0602_bil,,PRISM,tmin,30yr-normal,800mD1,602,bil,
PRISM_ppt_30yr_normal_800mD1_0603_bil,,PRISM,ppt,30yr-normal,800mD1,603,bil,
PRISM_tmax_30yr_normal_800mD1_0603_bil,,PRISM,tmax,30yr-normal,800mD1,603,bil,
PRISM_tmin_30yr_normal_800mD1_0603_bil,,PRISM,tmin,30yr-normal,800mD1,603,bil,
PRISM_ppt_30yr_normal_800mD1_0604_bil,,PRISM,ppt,30yr-normal,800mD1,604,bil,
PRISM_tmax_30yr_normal_800mD1_0604_bil,,PRISM,tmax,30yr-normal,800mD1,604,bil,
PRISM_tmin_30yr_normal_800mD1_0604_bil,,PRISM,tmin,30yr-normal,800mD1,604,bil,
PRISM_ppt_30yr_normal_800mD1_0605_bil,,PRISM,ppt,30yr-normal,800mD1,605,bil,
PRISM_tmax_30yr_normal_800mD1_0605_bil,,PRISM,tmax,30yr-normal,800mD1,605,bil,
PRISM_tmin_30yr_normal_800mD1_0605_bil,,PRISM,tmin,30yr-normal,800mD1,605,bil,
PRISM_ppt_30yr_normal_800mD1_0606_bil,,PRISM,ppt,30yr-normal,800mD1,606,bil,
PRISM_tmax_30yr_normal_800mD1_0606_bil,,PRISM,tmax,30yr-normal,800mD1,606,bil,
PRISM_tmin_30yr_normal_800mD1_0606_bil,,PRISM,tmin,30yr-normal,800mD1,606,bil,
PRISM_ppt_30yr_normal_800mD1_0607_bil,,PRISM,ppt,30yr-normal,800mD1,607,bil,
PRISM_tmax_30yr_normal_800mD1_0607_bil,,PRISM,tmax,30yr-normal,800mD1,607,bil,
PRISM_tmin_30yr_normal_800mD1_0607_bil,,PRISM,tmin,30yr-normal,800mD1,607,bil,
PRISM_ppt_30yr_normal_800mD1_0608_bil,,PRISM,ppt,30yr-normal,800mD1,608,bil,
PRISM_tmax_30yr_normal_800mD1_0608_bil,,PRISM,tmax,30yr-normal,800mD1,608,bil,
PRISM_tmin_30yr_normal_800mD1_0608_bil,,PRISM,tmin,30yr-normal,800mD1,608,bil,
PRISM_ppt_30yr_normal_800mD1_0609_bil,,PRISM,ppt,30yr-normal,800mD1,609,bil,
PRISM_tmax_30yr_normal_800mD1_0609_bil,,PRISM,tmax,30yr-normal,800mD1,609,bil,
PRISM_tmin_30yr_normal_800mD1_0609_bil,,PRISM,tmin,30yr-normal,800mD1,609,bil,
PRISM_ppt_30yr_normal_800mD1_0610_bil,,PRISM,ppt,30yr-normal,800mD1,610,bil,
PRISM_tmax_30yr_normal_800mD1_0610_bil,,PRISM,tmax,30yr-normal,800mD1,610,bil,
PRISM_tmin_30yr_normal_800mD1_0610_bil,,PRISM,tmin,30yr-normal,800mD1,610,bil,
PRISM_ppt_30yr_normal_800mD1_0611_bil,,PRISM,ppt,30yr-normal,800mD1,611,bil,
PRISM_tmax_30yr_normal_800mD1_0611_bil,,PRISM,tmax,30yr-normal,800mD1,611,bil,
PRISM_tmin_30yr_normal_800mD1_0611_bil,,PRISM,tmin,30yr-normal,800mD1,611,bil,
PRISM_ppt_30yr_normal_800mD1_0612_bil,,PRISM,ppt,30yr-normal,800mD1,612,bil,
PRISM_tmax_30yr_normal_800mD1_0612_bil,,PRISM,tmax,30yr-normal,800mD1,612,bil,
PRISM_tmin_30yr_normal_800mD1_0612_bil,,PRISM,tmin,30yr-normal,800mD1,612,bil,
PRISM_ppt_30yr_normal_800mD1_0613_bil,,PRISM,ppt,30yr-normal,800mD1,613,bil,
PRISM_tmax_30yr_normal_800mD1_0613_bil,,PRISM,tmax,30yr-normal,800mD1,613,bil,
PRISM_tmin_30yr_normal_800mD1_0613_bil,,PRISM,tmin,30yr-normal,800mD1,613,bil,
PRISM_ppt_30yr_normal_800mD1_0614_bil,,PRISM,ppt,30yr-normal,800mD1,614,bil,
PRISM_tmax_30yr_normal_800mD1_0614_bil,,PRISM,tmax,30yr-normal,800mD1,614,bil,
PRISM_tmin_30yr_normal_800mD1_0614_bil,,PRISM,tmin,30yr-normal,800mD1,614,bil,
PRISM_ppt_30yr_normal_800mD1_0615_bil,,PRISM,ppt,30yr-normal,800mD1,615,bil,
PRISM_tmax_30yr_normal_800mD1_0615_bil,,PRISM,tmax,30yr-normal,800mD1,615,bil,
PRISM_tmin_30yr_normal_800mD1_0615_bil,,PRISM,tmin,30yr-normal,800mD1,615,bil,
PRISM_ppt_30yr_normal_800mD1_0616_bil,,PRISM,ppt,30yr-normal,800mD1,616,bil,
PRISM_tmax_30yr_normal_800mD1_0616_bil,,PRISM,tmax,30yr-normal,800mD1,616,bil,
PRISM_tmin_30yr_normal_800mD1_0616_bil,,PRISM,tmin,30yr-normal,800mD1,616,bil,
PRISM_ppt_30yr_normal_800mD1_0617_bil,,PRISM,ppt,30yr-normal,800mD1,617,bil,
PRISM_tmax_30yr_normal_800mD1_0617_bil,,PRISM,tmax,30yr-normal,800mD1,617,bil,
PRISM_tmin_30yr_normal_800mD1_0617_bil,,PRISM,tmin,30yr-normal,800mD1,617,bil,
PRISM_ppt_30yr_normal_800mD1_0618_bil,,PRISM,ppt,30yr-normal,800mD1,618,bil,
PRISM_tmax_30yr_normal_800mD1_0618_bil,,PRISM,tmax,30yr-normal,800mD1,618,bil,
PRISM_tmin_30yr_normal_800mD1_0618_bil,,PRISM,tmin,30yr-normal,800mD1,618,bil,
PRISM_ppt_30yr_normal_800mD1_0619_bil,,PRISM,ppt,30yr-normal,800mD1,619,bil,
PRISM_tmax_30yr_normal_800mD1_0619_bil,,PRISM,tmax,30yr-normal,800mD1,619,bil,
PRISM_tmin_30yr_normal_800mD1_0619_bil,,PRISM,tmin,30yr-normal,800mD1,619,bil,
PRISM_ppt_30yr_normal_800mD1_0620_bil,,PRISM,ppt,30yr-normal,800mD1,620,bil,
PRISM_tmax_30yr_normal_800mD1_0620_bil,,PRISM,tmax,30yr-normal,800mD1,620,bil,
PRISM_tmin_30yr_normal_800mD1_0620_bil,,PRISM,tmin,30yr-normal,800mD1,620,bil,
PRISM_ppt_30yr_normal_800mD1_0621_bil,,PRISM,ppt,30yr-normal,800mD1,621,bil,
PRISM_tmax_30yr_normal_800mD1_0621_bil,,PRISM,tmax,30yr-normal,800mD1,621,bil,
PRISM_tmin_30yr_normal_800mD1_0621_bil,,PRISM,tmin,30yr-normal,800mD1,621,bil,
PRISM_ppt_30yr_normal_800mD1_0622_bil,,PRISM,ppt,30yr-normal,800mD1,622,bil,
PRISM_tmax_30yr_normal_800mD1_0622_bil,,PRISM,tmax,30yr-normal,800mD1,622,bil,
PRISM_tmin_30yr_normal_800mD1_0622_bil,,PRISM,tmin,30yr-normal,800mD1,622,bil,
PRISM_ppt_30yr_normal_800mD1_0623_bil,,PRISM,ppt,30yr-normal,800mD1,623,bil,
PRISM_tmax_30yr_normal_800mD1_0623_bil,,PRISM,tmax,30yr-normal,800mD1,623,bil,
PRISM_tmin_30yr_normal_800mD1_0623_bil,,PRISM,tmin,30yr-normal,800mD1,623,bil,
PRISM_ppt_30yr_normal_800mD1_0624_bil,,PRISM,ppt,30yr-normal,800mD1,624,bil,
PRISM_tmax_30yr_normal_800mD1_0624_bil,,PRISM,tmax,30yr-normal,800mD1,624,bil,
PRISM_tmin_30yr_normal_800mD1_0624_bil,,PRISM,tmin,30yr-normal,800mD1,624,bil,
PRISM_ppt_30yr_normal_800mD1_0625_bil,,PRISM,ppt,30yr-normal,800mD1,625,bil,
PRISM_tmax_30yr_normal_800mD1_0625_bil,,PRISM,tmax,30yr-normal,800mD1,625,bil,
PRISM_tmin_30yr_normal_800mD1_0625_bil,,PRISM,tmin,30yr-normal,800mD1,625,bil,
PRISM_ppt_30yr_normal_800mD1_0626_bil,,PRISM,ppt,30yr-normal,800mD1,626,bil,
PRISM_tmax_30yr_normal_800mD1_0626_bil,,PRISM,tmax,30yr-normal,800mD1,626,bil,
PRISM_tmin_30yr_normal_800mD1_0626_bil,,PRISM,tmin,30yr-normal,800mD1,626,bil,
PRISM_ppt_30yr_normal_800mD1_0627_bil,,PRISM,ppt,30yr-normal,800mD1,627,bil,
PRISM_tmax_30yr_normal_800mD1_0627_bil,,PRISM,tmax,30yr-normal,800mD1,627,bil,
PRISM_tmin_30yr_normal_800mD1_0627_bil,,PRISM,tmin,30yr-normal,800mD1,627,bil,
PRISM_ppt_30yr_normal_800mD1_0628_bil,,PRISM,ppt,30yr-normal,800mD1,628,bil,
PRISM_tmax_30yr_normal_800mD1_0628_bil,,PRISM,tmax,30yr-normal,800mD1,628,bil,
PRISM_tmin_30yr_normal_800mD1_0628_bil,,PRISM,tmin,30yr-normal,800mD1,628,bil,
PRISM_ppt_30yr_normal_800mD1_0629_bil,,PRISM,ppt,30yr-normal,800mD1,629,bil,
PRISM_tmax_30yr_normal_800mD1_0629_bil,,PRISM,tmax,30yr-normal,800mD1,629,bil,
PRISM_tmin_30yr_normal_800mD1_0629_bil,,PRISM,tmin,30yr-normal,800mD1,629,bil,
PRISM_ppt_30yr_normal_800mD1_0630_bil,,PRISM,ppt,30yr-normal,800mD1,630,bil,
PRISM_tmax_30yr_normal_800mD1_0630_bil,,PRISM,tmax,30yr-normal,800mD1,630,bil,
PRISM_tmin_30yr_normal_800mD1_0630_bil,,PRISM,tmin,30yr-normal,800mD1,630,bil,
PRISM_ppt_30yr_normal_800mD1_0701_bil,,PRISM,ppt,30yr-normal,800mD1,701,bil,
PRISM_tmax_30yr_normal_800mD1_0701_bil,,PRISM,tmax,30yr-normal,800mD1,701,bil,
PRISM_tmin_30yr_normal_800mD1_0701_bil,,PRISM,tmin,30yr-normal,800mD1,701,bil,
PRISM_ppt_30yr_normal_800mD1_0702_bil,,PRISM,ppt,30yr-normal,800mD1,702,bil,
PRISM_tmax_30yr_normal_800mD1_0702_bil,,PRISM,tmax,30yr-normal,800mD1,702,bil,
PRISM_tmin_30yr_normal_800mD1_0702_bil,,PRISM,tmin,30yr-normal,800mD1,702,bil,
PRISM_ppt_30yr_normal_800mD1_0703_bil,,PRISM,ppt,30yr-normal,800mD1,703,bil,
PRISM_tmax_30yr_normal_800mD1_0703_bil,,PRISM,tmax,30yr-normal,800mD1,703,bil,
PRISM_tmin_30yr_normal_800mD1_0703_bil,,PRISM,tmin,30yr-normal,800mD1,703,bil,
PRISM_ppt_30yr_normal_800mD1_0704_bil,,PRISM,ppt,30yr-normal,800mD1,704,bil,
PRISM_tmax_30yr_normal_800mD1_0704_bil,,PRISM,tmax,30yr-normal,800mD1,704,bil,
PRISM_tmin_30yr_normal_800mD1_0704_bil,,PRISM,tmin,30yr-normal,800mD1,704,bil,
PRISM_ppt_30yr_normal_800mD1_0705_bil,,PRISM,ppt,30yr-normal,800mD1,705,bil,
PRISM_tmax_30yr_normal_800mD1_0705_bil,,PRISM,tmax,30yr-normal,800mD1,705,bil,
PRISM_tmin_30yr_normal_800mD1_0705_bil,,PRISM,tmin,30yr-normal,800mD1,705,bil,
PRISM_ppt_30yr_normal_800mD1_0706_bil,,PRISM,ppt,30yr-normal,800mD1,706,bil,
PRISM_tmax_30yr_normal_800mD1_0706_bil,,PRISM,tmax,30yr-normal,800mD1,706,bil,
PRISM_tmin_30yr_normal_800mD1_0706_bil,,PRISM,tmin,30yr-normal,800mD1,706,bil,
PRISM_ppt_30yr_normal_800mD1_0707_bil,,PRISM,ppt,30yr-normal,800mD1,707,bil,
PRISM_tmax_30yr_normal_800mD1_0707_bil,,PRISM,tmax,30yr-normal,800mD1,707,bil,
PRISM_tmin_30yr_normal_800mD1_0707_bil,,PRISM,tmin,30yr-normal,800mD1,707,bil,
PRISM_ppt_30yr_normal_800mD1_0708_bil,,PRISM,ppt,30yr-normal,800mD1,708,bil,
PRISM_tmax_30yr_normal_800mD1_0708_bil,,PRISM,tmax,30yr-normal,800mD1,708,bil,
PRISM_tmin_30yr_normal_800mD1_0708_bil,,PRISM,tmin,30yr-normal,800mD1,708,bil,
PRISM_ppt_30yr_normal_800mD1_0709_bil,,PRISM,ppt,30yr-normal,800mD1,709,bil,
PRISM_tmax_30yr_normal_800mD1_0709_bil,,PRISM,tmax,30yr-normal,800mD1,709,bil,
PRISM_tmin_30yr_normal_800mD1_0709_bil,,PRISM,tmin,30yr-normal,800mD1,709,bil,
PRISM_ppt_30yr_normal_800mD1_0710_bil,,PRISM,ppt,30yr-normal,800mD1,710,bil,
PRISM_tmax_30yr_normal_800mD1_0710_bil,,PRISM,tmax,30yr-normal,800mD1,710,bil,
PRISM_tmin_30yr_normal_800mD1_0710_bil,,PRISM,tmin,30yr-normal,800mD1,710,bil,
PRISM_ppt_30yr_normal_800mD1_0711_bil,,PRISM,ppt,30yr-normal,800mD1,711,bil,
PRISM_tmax_30yr_normal_800mD1_0711_bil,,PRISM,tmax,30yr-normal,800mD1,711,bil,
PRISM_tmin_30yr_normal_800mD1_0711_bil,,PRISM,tmin,30yr-normal,800mD1,711,bil,
PRISM_ppt_30yr_normal_800mD1_0712_bil,,PRISM,ppt,30yr-normal,800mD1,712,bil,
PRISM_tmax_30yr_normal_800mD1_0712_bil,,PRISM,tmax,30yr-normal,800mD1,712,bil,
PRISM_tmin_30yr_normal_800mD1_0712_bil,,PRISM,tmin,30yr-normal,800mD1,712,bil,
PRISM_ppt_30yr_normal_800mD1_0713_bil,,PRISM,ppt,30yr-normal,800mD1,713,bil,
PRISM_tmax_30yr_normal_800mD1_0713_bil,,PRISM,tmax,30yr-normal,800mD1,713,bil,
PRISM_tmin_30yr_normal_800mD1_0713_bil,,PRISM,tmin,30yr-normal,800mD1,713,bil,
PRISM_ppt_30yr_normal_800mD1_0714_bil,,PRISM,ppt,30yr-normal,800mD1,714,bil,
PRISM_tmax_30yr_normal_800mD1_0714_bil,,PRISM,tmax,30yr-normal,800mD1,714,bil,
PRISM_tmin_30yr_normal_800mD1_0714_bil,,PRISM,tmin,30yr-normal,800mD1,714,bil,
PRISM_ppt_30yr_normal_800mD1_0715_bil,,PRISM,ppt,30yr-normal,800mD1,715,bil,
PRISM_tmax_30yr_normal_800mD1_0715_bil,,PRISM,tmax,30yr-normal,800mD1,715,bil,
PRISM_tmin_30yr_normal_800mD1_0715_bil,,PRISM,tmin,30yr-normal,800mD1,715,bil,
PRISM_ppt_30yr_normal_800mD1_0716_bil,,PRISM,ppt,30yr-normal,800mD1,716,bil,
PRISM_tmax_30yr_normal_800mD1_0716_bil,,PRISM,tmax,30yr-normal,800mD1,716,bil,
PRISM_tmin_30yr_normal_800mD1_0716_bil,,PRISM,tmin,30yr-normal,800mD1,716,bil,
PRISM_ppt_30yr_normal_800mD1_0717_bil,,PRISM,ppt,30yr-normal,800mD1,717,bil,
PRISM_tmax_30yr_normal_800mD1_0717_bil,,PRISM,tmax,30yr-normal,800mD1,717,bil,
PRISM_tmin_30yr_normal_800mD1_0717_bil,,PRISM,tmin,30yr-normal,800mD1,717,bil,
PRISM_ppt_30yr_normal_800mD1_0718_bil,,PRISM,ppt,30yr-normal,800mD1,718,bil,
PRISM_tmax_30yr_normal_800mD1_0718_bil,,PRISM,tmax,30yr-normal,800mD1,718,bil,
PRISM_tmin_30yr_normal_800mD1_0718_bil,,PRISM,tmin,30yr-normal,800mD1,718,bil,
PRISM_ppt_30yr_normal_800mD1_0719_bil,,PRISM,ppt,30yr-normal,800mD1,719,bil,
PRISM_tmax_30yr_normal_800mD1_0719_bil,,PRISM,tmax,30yr-normal,800mD1,719,bil,
PRISM_tmin_30yr_normal_800mD1_0719_bil,,PRISM,tmin,30yr-normal,800mD1,719,bil,
PRISM_ppt_30yr_normal_800mD1_0720_bil,,PRISM,ppt,30yr-normal,800mD1,720,bil,
PRISM_tmax_30yr_normal_800mD1_0720_bil,,PRISM,tmax,30yr-normal,800mD1,720,bil,
PRISM_tmin_30yr_normal_800mD1_0720_bil,,PRISM,tmin,30yr-normal,800mD1,720,bil,
PRISM_ppt_30yr_normal_800mD1_0721_bil,,PRISM,ppt,30yr-normal,800mD1,721,bil,
PRISM_tmax_30yr_normal_800mD1_0721_bil,,PRISM,tmax,30yr-normal,800mD1,721,bil,
PRISM_tmin_30yr_normal_800mD1_0721_bil,,PRISM,tmin,30yr-normal,800mD1,721,bil,
PRISM_ppt_30yr_normal_800mD1_0722_bil,,PRISM,ppt,30yr-normal,800mD1,722,bil,
PRISM_tmax_30yr_normal_800mD1_0722_bil,,PRISM,tmax,30yr-normal,800mD1,722,bil,
PRISM_tmin_30yr_normal_800mD1_0722_bil,,PRISM,tmin,30yr-normal,800mD1,722,bil,
PRISM_ppt_30yr_normal_800mD1_0723_bil,,PRISM,ppt,30yr-normal,800mD1,723,bil,
PRISM_tmax_30yr_normal_800mD1_0723_bil,,PRISM,tmax,30yr-normal,800mD1,723,bil,
PRISM_tmin_30yr_normal_800mD1_0723_bil,,PRISM,tmin,30yr-normal,800mD1,723,bil,
PRISM_ppt_30yr_normal_800mD1_0724_bil,,PRISM,ppt,30yr-normal,800mD1,724,bil,
PRISM_tmax_30yr_normal_800mD1_0724_bil,,PRISM,tmax,30yr-normal,800mD1,724,bil,
PRISM_tmin_30yr_normal_800mD1_0724_bil,,PRISM,tmin,30yr-normal,800mD1,724,bil,
PRISM_ppt_30yr_normal_800mD1_0725_bil,,PRISM,ppt,30yr-normal,800mD1,725,bil,
PRISM_tmax_30yr_normal_800mD1_0725_bil,,PRISM,tmax,30yr-normal,800mD1,725,bil,
PRISM_tmin_30yr_normal_800mD1_0725_bil,,PRISM,tmin,30yr-normal,800mD1,725,bil,
PRISM_ppt_30yr_normal_800mD1_0726_bil,,PRISM,ppt,30yr-normal,800mD1,726,bil,
PRISM_tmax_30yr_normal_800mD1_0726_bil,,PRISM,tmax,30yr-normal,800mD1,726,bil,
PRISM_tmin_30yr_normal_800mD1_0726_bil,,PRISM,tmin,30yr-normal,800mD1,726,bil,
PRISM_ppt_30yr_normal_800mD1_0727_bil,,PRISM,ppt,30yr-normal,800mD1,727,bil,
PRISM_tmax_30yr_normal_800mD1_0727_bil,,PRISM,tmax,30yr-normal,800mD1,727,bil,
PRISM_tmin_30yr_normal_800mD1_0727_bil,,PRISM,tmin,30yr-normal,800mD1,727,bil,
PRISM_ppt_30yr_normal_800mD1_0728_bil,,PRISM,ppt,30yr-normal,800mD1,728,bil,
PRISM_tmax_30yr_normal_800mD1_0728_bil,,PRISM,tmax,30yr-normal,800mD1,728,bil,
PRISM_tmin_30yr_normal_800mD1_0728_bil,,PRISM,tmin,30yr-normal,800mD1,728,bil,
PRISM_ppt_30yr_normal_800mD1_0729_bil,,PRISM,ppt,30yr-normal,800mD1,729,bil,
PRISM_tmax_30yr_normal_800mD1_0729_bil,,PRISM,tmax,30yr-normal,800mD1,729,bil,
PRISM_tmin_30yr_normal_800mD1_0729_bil,,PRISM,tmin,30yr-normal,800mD1,729,bil,
PRISM_ppt_30yr_normal_800mD1_0730_bil,,PRISM,ppt,30yr-normal,800mD1,730,bil,
PRISM_tmax_30yr_normal_800mD1_0730_bil,,PRISM,tmax,30yr-normal,800mD1,730,bil,
PRISM_tmin_30yr_normal_800mD1_0730_bil,,PRISM,tmin,30yr-normal,800mD1,730,bil,
PRISM_ppt_30yr_normal_800mD1_0731_bil,,PRISM,ppt,30yr-normal,800mD1,731,bil,
PRISM_tmax_30yr_normal_800mD1_0731_bil,,PRISM,tmax,30yr-normal,800mD1,731,bil,
PRISM_tmin_30yr_normal_800mD1_0731_bil,,PRISM,tmin,30yr-normal,800mD1,731,bil,
PRISM_ppt_30yr_normal_800mD1_0801_bil,,PRISM,ppt,30yr-normal,800mD1,801,bil,
PRISM_tmax_30yr_normal_800mD1_0801_bil,,PRISM,tmax,30yr-normal,800mD1,801,bil,
PRISM_tmin_30yr_normal_800mD1_0801_bil,,PRISM,tmin,30yr-normal,800mD1,801,bil,
PRISM_ppt_30yr_normal_800mD1_0802_bil,,PRISM,ppt,30yr-normal,800mD1,802,bil,
PRISM_tmax_30yr_normal_800mD1_0802_bil,,PRISM,tmax,30yr-normal,800mD1,802,bil,
PRISM_tmin_30yr_normal_800mD1_0802_bil,,PRISM,tmin,30yr-normal,800mD1,802,bil,
PRISM_ppt_30yr_normal_800mD1_0803_bil,,PRISM,ppt,30yr-normal,800mD1,803,bil,
PRISM_tmax_30yr_normal_800mD1_0803_bil,,PRISM,tmax,30yr-normal,800mD1,803,bil,
PRISM_tmin_30yr_normal_800mD1_0803_bil,,PRISM,tmin,30yr-normal,800mD1,803,bil,
PRISM_ppt_30yr_normal_800mD1_0804_bil,,PRISM,ppt,30yr-normal,800mD1,804,bil,
PRISM_tmax_30yr_normal_800mD1_0804_bil,,PRISM,tmax,30yr-normal,800mD1,804,bil,
PRISM_tmin_30yr_normal_800mD1_0804_bil,,PRISM,tmin,30yr-normal,800mD1,804,bil,
PRISM_ppt_30yr_normal_800mD1_0805_bil,,PRISM,ppt,30yr-normal,800mD1,805,bil,
PRISM_tmax_30yr_normal_800mD1_0805_bil,,PRISM,tmax,30yr-normal,800mD1,805,bil,
PRISM_tmin_30yr_normal_800mD1_0805_bil,,PRISM,tmin,30yr-normal,800mD1,805,bil,
PRISM_ppt_30yr_normal_800mD1_0806_bil,,PRISM,ppt,30yr-normal,800mD1,806,bil,
PRISM_tmax_30yr_normal_800mD1_0806_bil,,PRISM,tmax,30yr-normal,800mD1,806,bil,
PRISM_tmin_30yr_normal_800mD1_0806_bil,,PRISM,tmin,30yr-normal,800mD1,806,bil,
PRISM_ppt_30yr_normal_800mD1_0807_bil,,PRISM,ppt,30yr-normal,800mD1,807,bil,
PRISM_tmax_30yr_normal_800mD1_0807_bil,,PRISM,tmax,30yr-normal,800mD1,807,bil,
PRISM_tmin_30yr_normal_800mD1_0807_bil,,PRISM,tmin,30yr-normal,800mD1,807,bil,
PRISM_ppt_30yr_normal_800mD1_0808_bil,,PRISM,ppt,30yr-normal,800mD1,808,bil,
PRISM_tmax_30yr_normal_800mD1_0808_bil,,PRISM,tmax,30yr-normal,800mD1,808,bil,
PRISM_tmin_30yr_normal_800mD1_0808_bil,,PRISM,tmin,30yr-normal,800mD1,808,bil,
PRISM_ppt_30yr_normal_800mD1_0809_bil,,PRISM,ppt,30yr-normal,800mD1,809,bil,
PRISM_tmax_30yr_normal_800mD1_0809_bil,,PRISM,tmax,30yr-normal,800mD1,809,bil,
PRISM_tmin_30yr_normal_800mD1_0809_bil,,PRISM,tmin,30yr-normal,800mD1,809,bil,
PRISM_ppt_30yr_normal_800mD1_0810_bil,,PRISM,ppt,30yr-normal,800mD1,810,bil,
PRISM_tmax_30yr_normal_800mD1_0810_bil,,PRISM,tmax,30yr-normal,800mD1,810,bil,
PRISM_tmin_30yr_normal_800mD1_0810_bil,,PRISM,tmin,30yr-normal,800mD1,810,bil,
PRISM_ppt_30yr_normal_800mD1_0811_bil,,PRISM,ppt,30yr-normal,800mD1,811,bil,
PRISM_tmax_30yr_normal_800mD1_0811_bil,,PRISM,tmax,30yr-normal,800mD1,811,bil,
PRISM_tmin_30yr_normal_800mD1_0811_bil,,PRISM,tmin,30yr-normal,800mD1,811,bil,
PRISM_ppt_30yr_normal_800mD1_0812_bil,,PRISM,ppt,30yr-normal,800mD1,812,bil,
PRISM_tmax_30yr_normal_800mD1_0812_bil,,PRISM,tmax,30yr-normal,800mD1,812,bil,
PRISM_tmin_30yr_normal_800mD1_0812_bil,,PRISM,tmin,30yr-normal,800mD1,812,bil,
PRISM_ppt_30yr_normal_800mD1_0813_bil,,PRISM,ppt,30yr-normal,800mD1,813,bil,
PRISM_tmax_30yr_normal_800mD1_0813_bil,,PRISM,tmax,30yr-normal,800mD1,813,bil,
PRISM_tmin_30yr_normal_800mD1_0813_bil,,PRISM,tmin,30yr-normal,800mD1,813,bil,
PRISM_ppt_30yr_normal_800mD1_0814_bil,,PRISM,ppt,30yr-normal,800mD1,814,bil,
PRISM_tmax_30yr_normal_800mD1_0814_bil,,PRISM,tmax,30yr-normal,800mD1,814,bil,
PRISM_tmin_30yr_normal_800mD1_0814_bil,,PRISM,tmin,30yr-normal,800mD1,814,bil,
PRISM_ppt_30yr_normal_800mD1_0815_bil,,PRISM,ppt,30yr-normal,800mD1,815,bil,
PRISM_tmax_30yr_normal_800mD1_0815_bil,,PRISM,tmax,30yr-normal,800mD1,815,bil,
PRISM_tmin_30yr_normal_800mD1_0815_bil,,PRISM,tmin,30yr-normal,800mD1,815,bil,
PRISM_ppt_30yr_normal_800mD1_0816_bil,,PRISM,ppt,30yr-normal,800mD1,816,bil,
PRISM_tmax_30yr_normal_800mD1_0816_bil,,PRISM,tmax,30yr-normal,800mD1,816,bil,
PRISM_tmin_30yr_normal_800mD1_0816_bil,,PRISM,tmin,30yr-normal,800mD1,816,bil,
PRISM_ppt_30yr_normal_800mD1_0817_bil,,PRISM,ppt,30yr-normal,800mD1,817,bil,
PRISM_tmax_30yr_normal_800mD1_0817_bil,,PRISM,tmax,30yr-normal,800mD1,817,bil,
PRISM_tmin_30yr_normal_800mD1_0817_bil,,PRISM,tmin,30yr-normal,800mD1,817,bil,
PRISM_ppt_30yr_normal_800mD1_0818_bil,,PRISM,ppt,30yr-normal,800mD1,818,bil,
PRISM_tmax_30yr_normal_800mD1_0818_bil,,PRISM,tmax,30yr-normal,800mD1,818,bil,
PRISM_tmin_30yr_normal_800mD1_0818_bil,,PRISM,tmin,30yr-normal,800mD1,818,bil,
PRISM_ppt_30yr_normal_800mD1_0819_bil,,PRISM,ppt,30yr-normal,800mD1,819,bil,
PRISM_tmax_30yr_normal_800mD1_0819_bil,,PRISM,tmax,30yr-normal,800mD1,819,bil,
PRISM_tmin_30yr_normal_800mD1_0819_bil,,PRISM,tmin,30yr-normal,800mD1,819,bil,
PRISM_ppt_30yr_normal_800mD1_0820_bil,,PRISM,ppt,30yr-normal,800mD1,820,bil,
PRISM_tmax_30yr_normal_800mD1_0820_bil,,PRISM,tmax,30yr-normal,800mD1,820,bil,
PRISM_tmin_30yr_normal_800mD1_0820_bil,,PRISM,tmin,30yr-normal,800mD1,820,bil,
PRISM_ppt_30yr_normal_800mD1_0821_bil,,PRISM,ppt,30yr-normal,800mD1,821,bil,
PRISM_tmax_30yr_normal_800mD1_0821_bil,,PRISM,tmax,30yr-normal,800mD1,821,bil,
PRISM_tmin_30yr_normal_800mD1_0821_bil,,PRISM,tmin,30yr-normal,800mD1,821,bil,
PRISM_ppt_30yr_normal_800mD1_0822_bil,,PRISM,ppt,30yr-normal,800mD1,822,bil,
PRISM_tmax_30yr_normal_800mD1_0822_bil,,PRISM,tmax,30yr-normal,800mD1,822,bil,
PRISM_tmin_30yr_normal_800mD1_0822_bil,,PRISM,tmin,30yr-normal,800mD1,822,bil,
PRISM_ppt_30yr_normal_800mD1_0823_bil,,PRISM,ppt,30yr-normal,800mD1,823,bil,
PRISM_tmax_30yr_normal_800mD1_0823_bil,,PRISM,tmax,30yr-normal,800mD1,823,bil,
PRISM_tmin_30yr_normal_800mD1_0823_bil,,PRISM,tmin,30yr-normal,800mD1,823,bil,
PRISM_ppt_30yr_normal_800mD1_0824_bil,,PRISM,ppt,30yr-normal,800mD1,824,bil,
PRISM_tmax_30yr_normal_800mD1_0824_bil,,PRISM,tmax,30yr-normal,800mD1,824,bil,
PRISM_tmin_30yr_normal_800mD1_0824_bil,,PRISM,tmin,30yr-normal,800mD1,824,bil,
PRISM_ppt_30yr_normal_800mD1_0825_bil,,PRISM,ppt,30yr-normal,800mD1,825,bil,
PRISM_tmax_30yr_normal_800mD1_0825_bil,,PRISM,tmax,30yr-normal,800mD1,825,bil,
PRISM_tmin_30yr_normal_800mD1_0825_bil,,PRISM,tmin,30yr-normal,800mD1,825,bil,
PRISM_ppt_30yr_normal_800mD1_0826_bil,,PRISM,ppt,30yr-normal,800mD1,826,bil,
PRISM_tmax_30yr_normal_800mD1_0826_bil,,PRISM,tmax,30yr-normal,800mD1,826,bil,
PRISM_tmin_30yr_normal_800mD1_0826_bil,,PRISM,tmin,30yr-normal,800mD1,826,bil,
PRISM_ppt_30yr_normal_800mD1_0827_bil,,PRISM,ppt,30yr-normal,800mD1,827,bil,
PRISM_tmax_30yr_normal_800mD1_0827_bil,,PRISM,tmax,30yr-normal,800mD1,827,bil,
PRISM_tmin_30yr_normal_800mD1_0827_bil,,PRISM,tmin,30yr-normal,800mD1,827,bil,
PRISM_ppt_30yr_normal_800mD1_0828_bil,,PRISM,ppt,30yr-normal,800mD1,828,bil,
PRISM_tmax_30yr_normal_800mD1_0828_bil,,PRISM,tmax,30yr-normal,800mD1,828,bil,
PRISM_tmin_30yr_normal_800mD1_0828_bil,,PRISM,tmin,30yr-normal,800mD1,828,bil,
PRISM_ppt_30yr_normal_800mD1_0829_bil,,PRISM,ppt,30yr-normal,800mD1,829,bil,
PRISM_tmax_30yr_normal_800mD1_0829_bil,,PRISM,tmax,30yr-normal,800mD1,829,bil,
PRISM_tmin_30yr_normal_800mD1_0829_bil,,PRISM,tmin,30yr-normal,800mD1,829,bil,
PRISM_ppt_30yr_normal_800mD1_0830_bil,,PRISM,ppt,30yr-normal,800mD1,830,bil,
PRISM_tmax_30yr_normal_800mD1_0830_bil,,PRISM,tmax,30yr-normal,800mD1,830,bil,
PRISM_tmin_30yr_normal_800mD1_0830_bil,,PRISM,tmin,30yr-normal,800mD1,830,bil,
PRISM_ppt_30yr_normal_800mD1_0831_bil,,PRISM,ppt,30yr-normal,800mD1,831,bil,
PRISM_tmax_30yr_normal_800mD1_0831_bil,,PRISM,tmax,30yr-normal,800mD1,831,bil,
PRISM_tmin_30yr_normal_800mD1_0831_bil,,PRISM,tmin,30yr-normal,800mD1,831,bil,
PRISM_ppt_30yr_normal_800mD1_0901_bil,,PRISM,ppt,30yr-normal,800mD1,901,bil,
PRISM_tmax_30yr_normal_800mD1_0901_bil,,PRISM,tmax,30yr-normal,800mD1,901,bil,
PRISM_tmin_30yr_normal_800mD1_0901_bil,,PRISM,tmin,30yr-normal,800mD1,901,bil,
PRISM_ppt_30yr_normal_800mD1_0902_bil,,PRISM,ppt,30yr-normal,800mD1,902,bil,
PRISM_tmax_30yr_normal_800mD1_0902_bil,,PRISM,tmax,30yr-normal,800mD1,902,bil,
PRISM_tmin_30yr_normal_800mD1_0902_bil,,PRISM,tmin,30yr-normal,800mD1,902,bil,
PRISM_ppt_30yr_normal_800mD1_0903_bil,,PRISM,ppt,30yr-normal,800mD1,903,bil,
PRISM_tmax_30yr_normal_800mD1_0903_bil,,PRISM,tmax,30yr-normal,800mD1,903,bil,
PRISM_tmin_30yr_normal_800mD1_0903_bil,,PRISM,tmin,30yr-normal,800mD1,903,bil,
PRISM_ppt_30yr_normal_800mD1_0904_bil,,PRISM,ppt,30yr-normal,800mD1,904,bil,
PRISM_tmax_30yr_normal_800mD1_0904_bil,,PRISM,tmax,30yr-normal,800mD1,904,bil,
PRISM_tmin_30yr_normal_800mD1_0904_bil,,PRISM,tmin,30yr-normal,800mD1,904,bil,
PRISM_ppt_30yr_normal_800mD1_0905_bil,,PRISM,ppt,30yr-normal,800mD1,905,bil,
PRISM_tmax_30yr_normal_800mD1_0905_bil,,PRISM,tmax,30yr-normal,800mD1,905,bil,
PRISM_tmin_30yr_normal_800mD1_0905_bil,,PRISM,tmin,30yr-normal,800mD1,905,bil,
PRISM_ppt_30yr_normal_800mD1_0906_bil,,PRISM,ppt,30yr-normal,800mD1,906,bil,
PRISM_tmax_30yr_normal_800mD1_0906_bil,,PRISM,tmax,30yr-normal,800mD1,906,bil,
PRISM_tmin_30yr_normal_800mD1_0906_bil,,PRISM,tmin,30yr-normal,800mD1,906,bil,
PRISM_ppt_30yr_normal_800mD1_0907_bil,,PRISM,ppt,30yr-normal,800mD1,907,bil,
PRISM_tmax_30yr_normal_800mD1_0907_bil,,PRISM,tmax,30yr-normal,800mD1,907,bil,
PRISM_tmin_30yr_normal_800mD1_0907_bil,,PRISM,tmin,30yr-normal,800mD1,907,bil,
PRISM_ppt_30yr_normal_800mD1_0908_bil,,PRISM,ppt,30yr-normal,800mD1,908,bil,
PRISM_tmax_30yr_normal_800mD1_0908_bil,,PRISM,tmax,30yr-normal,800mD1,908,bil,
PRISM_tmin_30yr_normal_800mD1_0908_bil,,PRISM,tmin,30yr-normal,800mD1,908,bil,
PRISM_ppt_30yr_normal_800mD1_0909_bil,,PRISM,ppt,30yr-normal,800mD1,909,bil,
PRISM_tmax_30yr_normal_800mD1_0909_bil,,PRISM,tmax,30yr-normal,800mD1,909,bil,
PRISM_tmin_30yr_normal_800mD1_0909_bil,,PRISM,tmin,30yr-normal,800mD1,909,bil,
PRISM_ppt_30yr_normal_800mD1_0910_bil,,PRISM,ppt,30yr-normal,800mD1,910,bil,
PRISM_tmax_30yr_normal_800mD1_0910_bil,,PRISM,tmax,30yr-normal,800mD1,910,bil,
PRISM_tmin_30yr_normal_800mD1_0910_bil,,PRISM,tmin,30yr-normal,800mD1,910,bil,
PRISM_ppt_30yr_normal_800mD1_0911_bil,,PRISM,ppt,30yr-normal,800mD1,911,bil,
PRISM_tmax_30yr_normal_800mD1_0911_bil,,PRISM,tmax,30yr-normal,800mD1,911,bil,
PRISM_tmin_30yr_normal_800mD1_0911_bil,,PRISM,tmin,30yr-normal,800mD1,911,bil,
PRISM_ppt_30yr_normal_800mD1_0912_bil,,PRISM,ppt,30yr-normal,800mD1,912,bil,
PRISM_tmax_30yr_normal_800mD1_0912_bil,,PRISM,tmax,30yr-normal,800mD1,912,bil,
PRISM_tmin_30yr_normal_800mD1_0912_bil,,PRISM,tmin,30yr-normal,800mD1,912,bil,
PRISM_ppt_30yr_normal_800mD1_0913_bil,,PRISM,ppt,30yr-normal,800mD1,913,bil,
PRISM_tmax_30yr_normal_800mD1_0913_bil,,PRISM,tmax,30yr-normal,800mD1,913,bil,
PRISM_tmin_30yr_normal_800mD1_0913_bil,,PRISM,tmin,30yr-normal,800mD1,913,bil,
PRISM_ppt_30yr_normal_800mD1_0914_bil,,PRISM,ppt,30yr-normal,800mD1,914,bil,
PRISM_tmax_30yr_normal_800mD1_0914_bil,,PRISM,tmax,30yr-normal,800mD1,914,bil,
PRISM_tmin_30yr_normal_800mD1_0914_bil,,PRISM,tmin,30yr-normal,800mD1,914,bil,
PRISM_ppt_30yr_normal_800mD1_0915_bil,,PRISM,ppt,30yr-normal,800mD1,915,bil,
PRISM_tmax_30yr_normal_800mD1_0915_bil,,PRISM,tmax,30yr-normal,800mD1,915,bil,
PRISM_tmin_30yr_normal_800mD1_0915_bil,,PRISM,tmin,30yr-normal,800mD1,915,bil,
PRISM_ppt_30yr_normal_800mD1_0916_bil,,PRISM,ppt,30yr-normal,800mD1,916,bil,
PRISM_tmax_30yr_normal_800mD1_0916_bil,,PRISM,tmax,30yr-normal,800mD1,916,bil,
PRISM_tmin_30yr_normal_800mD1_0916_bil,,PRISM,tmin,30yr-normal,800mD1,916,bil,
PRISM_ppt_30yr_normal_800mD1_0917_bil,,PRISM,ppt,30yr-normal,800mD1,917,bil,
PRISM_tmax_30yr_normal_800mD1_0917_bil,,PRISM,tmax,30yr-normal,800mD1,917,bil,
PRISM_tmin_30yr_normal_800mD1_0917_bil,,PRISM,tmin,30yr-normal,800mD1,917,bil,
PRISM_ppt_30yr_normal_800mD1_0918_bil,,PRISM,ppt,30yr-normal,800mD1,918,bil,
PRISM_tmax_30yr_normal_800mD1_0918_bil,,PRISM,tmax,30yr-normal,800mD1,918,bil,
PRISM_tmin_30yr_normal_800mD1_0918_bil,,PRISM,tmin,30yr-normal,800mD1,918,bil,
PRISM_ppt_30yr_normal_800mD1_0919_bil,,PRISM,ppt,30yr-normal,800mD1,919,bil,
PRISM_tmax_30yr_normal_800mD1_0919_bil,,PRISM,tmax,30yr-normal,800mD1,919,bil,
PRISM_tmin_30yr_normal_800mD1_0919_bil,,PRISM,tmin,30yr-normal,800mD1,919,bil,
PRISM_ppt_30yr_normal_800mD1_0920_bil,,PRISM,ppt,30yr-normal,800mD1,920,bil,
PRISM_tmax_30yr_normal_800mD1_0920_bil,,PRISM,tmax,30yr-normal,800mD1,920,bil,
PRISM_tmin_30yr_normal_800mD1_0920_bil,,PRISM,tmin,30yr-normal,800mD1,920,bil,
PRISM_ppt_30yr_normal_800mD1_0921_bil,,PRISM,ppt,30yr-normal,800mD1,921,bil,
PRISM_tmax_30yr_normal_800mD1_0921_bil,,PRISM,tmax,30yr-normal,800mD1,921,bil,
PRISM_tmin_30yr_normal_800mD1_0921_bil,,PRISM,tmin,30yr-normal,800mD1,921,bil,
PRISM_ppt_30yr_normal_800mD1_0922_bil,,PRISM,ppt,30yr-normal,800mD1,922,bil,
PRISM_tmax_30yr_normal_800mD1_0922_bil,,PRISM,tmax,30yr-normal,800mD1,922,bil,
PRISM_tmin_30yr_normal_800mD1_0922_bil,,PRISM,tmin,30yr-normal,800mD1,922,bil,
PRISM_ppt_30yr_normal_800mD1_0923_bil,,PRISM,ppt,30yr-normal,800mD1,923,bil,
PRISM_tmax_30yr_normal_800mD1_0923_bil,,PRISM,tmax,30yr-normal,800mD1,923,bil,
PRISM_tmin_30yr_normal_800mD1_0923_bil,,PRISM,tmin,30yr-normal,800mD1,923,bil,
PRISM_ppt_30yr_normal_800mD1_0924_bil,,PRISM,ppt,30yr-normal,800mD1,924,bil,
PRISM_tmax_30yr_normal_800mD1_0924_bil,,PRISM,tmax,30yr-normal,800mD1,924,bil,
PRISM_tmin_30yr_normal_800mD1_0924_bil,,PRISM,tmin,30yr-normal,800mD1,924,bil,
PRISM_ppt_30yr_normal_800mD1_0925_bil,,PRISM,ppt,30yr-normal,800mD1,925,bil,
PRISM_tmax_30yr_normal_800mD1_0925_bil,,PRISM,tmax,30yr-normal,800mD1,925,bil,
PRISM_tmin_30yr_normal_800mD1_0925_bil,,PRISM,tmin,30yr-normal,800mD1,925,bil,
PRISM_ppt_30yr_normal_800mD1_0926_bil,,PRISM,ppt,30yr-normal,800mD1,926,bil,
PRISM_tmax_30yr_normal_800mD1_0926_bil,,PRISM,tmax,30yr-normal,800mD1,926,bil,
PRISM_tmin_30yr_normal_800mD1_0926_bil,,PRISM,tmin,30yr-normal,800mD1,926,bil,
PRISM_ppt_30yr_normal_800mD1_0927_bil,,PRISM,ppt,30yr-normal,800mD1,927,bil,
PRISM_tmax_30yr_normal_800mD1_0927_bil,,PRISM,tmax,30yr-normal,800mD1,927,bil,
PRISM_tmin_30yr_normal_800mD1_0927_bil,,PRISM,tmin,30yr-normal,800mD1,927,bil,
PRISM_ppt_30yr_normal_800mD1_0928_bil,,PRISM,ppt,30yr-normal,800mD1,928,bil,
PRISM_tmax_30yr_normal_800mD1_0928_bil,,PRISM,tmax,30yr-normal,800mD1,928,bil,
PRISM_tmin_30yr_normal_800mD1_0928_bil,,PRISM,tmin,30yr-normal,800mD1,928,bil,
PRISM_ppt_30yr_normal_800mD1_0929_bil,,PRISM,ppt,30yr-normal,800mD1,929,bil,
PRISM_tmax_30yr_normal_800mD1_0929_bil,,PRISM,tmax,30yr-normal,800mD1,929,bil,
PRISM_tmin_30yr_normal_800mD1_0929_bil,,PRISM,tmin,30yr-normal,800mD1,929,bil,
PRISM_ppt_30yr_normal_800mD1_0930_bil,,PRISM,ppt,30yr-normal,800mD1,930,bil,
PRISM_tmax_30yr_normal_800mD1_0930_bil,,PRISM,tmax,30yr-normal,800mD1,930,bil,
PRISM_tmin_30yr_normal_800mD1_0930_bil,,PRISM,tmin,30yr-normal,800mD1,930,bil,
PRISM_ppt_30yr_normal_800mD1_1001_bil,,PRISM,ppt,30yr-normal,800mD1,1001,bil,
PRISM_tmax_30yr_normal_800mD1_1001_bil,,PRISM,tmax,30yr-normal,800mD1,1001,bil,
PRISM_tmin_30yr_normal_800mD1_1001_bil,,PRISM,tmin,30yr-normal,800mD1,1001,bil,
PRISM_ppt_30yr_normal_800mD1_1002_bil,,PRISM,ppt,30yr-normal,800mD1,1002,bil,
PRISM_tmax_30yr_normal_800mD1_1002_bil,,PRISM,tmax,30yr-normal,800mD1,1002,bil,
PRISM_tmin_30yr_normal_800mD1_1002_bil,,PRISM,tmin,30yr-normal,800mD1,1002,bil,
PRISM_ppt_30yr_normal_800mD1_1003_bil,,PRISM,ppt,30yr-normal,800mD1,1003,bil,
PRISM_tmax_30yr_normal_800mD1_1003_bil,,PRISM,tmax,30yr-normal,800mD1,1003,bil,
PRISM_tmin_30yr_normal_800mD1_1003_bil,,PRISM,tmin,30yr-normal,800mD1,1003,bil,
PRISM_ppt_30yr_normal_800mD1_1004_bil,,PRISM,ppt,30yr-normal,800mD1,1004,bil,
PRISM_tmax_30yr_normal_800mD1_1004_bil,,PRISM,tmax,30yr-normal,800mD1,1004,bil,
PRISM_tmin_30yr_normal_800mD1_1004_bil,,PRISM,tmin,30yr-normal,800mD1,1004,bil,
PRISM_ppt_30yr_normal_800mD1_1005_bil,,PRISM,ppt,30yr-normal,800mD1,1005,bil,
PRISM_tmax_30yr_normal_800mD1_1005_bil,,PRISM,tmax,30yr-normal,800mD1,1005,bil,
PRISM_tmin_30yr_normal_800mD1_1005_bil,,PRISM,tmin,30yr-normal,800mD1,1005,bil,
PRISM_ppt_30yr_normal_800mD1_1006_bil,,PRISM,ppt,30yr-normal,800mD1,1006,bil,
PRISM_tmax_30yr_normal_800mD1_1006_bil,,PRISM,tmax,30yr-normal,800mD1,1006,bil,
PRISM_tmin_30yr_normal_800mD1_1006_bil,,PRISM,tmin,30yr-normal,800mD1,1006,bil,
PRISM_ppt_30yr_normal_800mD1_1007_bil,,PRISM,ppt,30yr-normal,800mD1,1007,bil,
PRISM_tmax_30yr_normal_800mD1_1007_bil,,PRISM,tmax,30yr-normal,800mD1,1007,bil,
PRISM_tmin_30yr_normal_800mD1_1007_bil,,PRISM,tmin,30yr-normal,800mD1,1007,bil,
PRISM_ppt_30yr_normal_800mD1_1008_bil,,PRISM,ppt,30yr-normal,800mD1,1008,bil,
PRISM_tmax_30yr_normal_800mD1_1008_bil,,PRISM,tmax,30yr-normal,800mD1,1008,bil,
PRISM_tmin_30yr_normal_800mD1_1008_bil,,PRISM,tmin,30yr-normal,800mD1,1008,bil,
PRISM_ppt_30yr_normal_800mD1_1009_bil,,PRISM,ppt,30yr-normal,800mD1,1009,bil,
PRISM_tmax_30yr_normal_800mD1_1009_bil,,PRISM,tmax,30yr-normal,800mD1,1009,bil,
PRISM_tmin_30yr_normal_800mD1_1009_bil,,PRISM,tmin,30yr-normal,800mD1,1009,bil,
PRISM_ppt_30yr_normal_800mD1_1010_bil,,PRISM,ppt,30yr-normal,800mD1,1010,bil,
PRISM_tmax_30yr_normal_800mD1_1010_bil,,PRISM,tmax,30yr-normal,800mD1,1010,bil,
PRISM_tmin_30yr_normal_800mD1_1010_bil,,PRISM,tmin,30yr-normal,800mD1,1010,bil,
PRISM_ppt_30yr_normal_800mD1_1011_bil,,PRISM,ppt,30yr-normal,800mD1,1011,bil,
PRISM_tmax_30yr_normal_800mD1_1011_bil,,PRISM,tmax,30yr-normal,800mD1,1011,bil,
PRISM_tmin_30yr_normal_800mD1_1011_bil,,PRISM,tmin,30yr-normal,800mD1,1011,bil,
PRISM_ppt_30yr_normal_800mD1_1012_bil,,PRISM,ppt,30yr-normal,800mD1,1012,bil,
PRISM_tmax_30yr_normal_800mD1_1012_bil,,PRISM,tmax,30yr-normal,800mD1,1012,bil,
PRISM_tmin_30yr_normal_800mD1_1012_bil,,PRISM,tmin,30yr-normal,800mD1,1012,bil,
PRISM_ppt_30yr_normal_800mD1_1013_bil,,PRISM,ppt,30yr-normal,800mD1,1013,bil,
PRISM_tmax_30yr_normal_800mD1_1013_bil,,PRISM,tmax,30yr-normal,800mD1,1013,bil,
PRISM_tmin_30yr_normal_800mD1_1013_bil,,PRISM,tmin,30yr-normal,800mD1,1013,bil,
PRISM_ppt_30yr_normal_800mD1_1014_bil,,PRISM,ppt,30yr-normal,800mD1,1014,bil,
PRISM_tmax_30yr_normal_800mD1_1014_bil,,PRISM,tmax,30yr-normal,800mD1,1014,bil,
PRISM_tmin_30yr_normal_800mD1_1014_bil,,PRISM,tmin,30yr-normal,800mD1,1014,bil,
PRISM_ppt_30yr_normal_800mD1_1015_bil,,PRISM,ppt,30yr-normal,800mD1,1015,bil,
PRISM_tmax_30yr_normal_800mD1_1015_bil,,PRISM,tmax,30yr-normal,800mD1,1015,bil,
PRISM_tmin_30yr_normal_800mD1_1015_bil,,PRISM,tmin,30yr-normal,800mD1,1015,bil,
PRISM_ppt_30yr_normal_800mD1_1016_bil,,PRISM,ppt,30yr-normal,800mD1,1016,bil,
PRISM_tmax_30yr_normal_800mD1_1016_bil,,PRISM,tmax,30yr-normal,800mD1,1016,bil,
PRISM_tmin_30yr_normal_800mD1_1016_bil,,PRISM,tmin,30yr-normal,800mD1,1016,bil,
PRISM_ppt_30yr_normal_800mD1_1017_bil,,PRISM,ppt,30yr-normal,800mD1,1017,bil,
PRISM_tmax_30yr_normal_800mD1_1017_bil,,PRISM,tmax,30yr-normal,800mD1,1017,bil,
PRISM_tmin_30yr_normal_800mD1_1017_bil,,PRISM,tmin,30yr-normal,800mD1,1017,bil,
PRISM_ppt_30yr_normal_800mD1_1018_bil,,PRISM,ppt,30yr-normal,800mD1,1018,bil,
PRISM_tmax_30yr_normal_800mD1_1018_bil,,PRISM,tmax,30yr-normal,800mD1,1018,bil,
PRISM_tmin_30yr_normal_800mD1_1018_bil,,PRISM,tmin,30yr-normal,800mD1,1018,bil,
PRISM_ppt_30yr_normal_800mD1_1019_bil,,PRISM,ppt,30yr-normal,800mD1,1019,bil,
PRISM_tmax_30yr_normal_800mD1_1019_bil,,PRISM,tmax,30yr-normal,800mD1,1019,bil,
PRISM_tmin_30yr_normal_800mD1_1019_bil,,PRISM,tmin,30yr-normal,800mD1,1019,bil,
PRISM_ppt_30yr_normal_800mD1_1020_bil,,PRISM,ppt,30yr-normal,800mD1,1020,bil,
PRISM_tmax_30yr_normal_800mD1_1020_bil,,PRISM,tmax,30yr-normal,800mD1,1020,bil,
PRISM_tmin_30yr_normal_800mD1_1020_bil,,PRISM,tmin,30yr-normal,800mD1,1020,bil,
PRISM_ppt_30yr_normal_800mD1_1021_bil,,PRISM,ppt,30yr-normal,800mD1,1021,bil,
PRISM_tmax_30yr_normal_800mD1_1021_bil,,PRISM,tmax,30yr-normal,800mD1,1021,bil,
PRISM_tmin_30yr_normal_800mD1_1021_bil,,PRISM,tmin,30yr-normal,800mD1,1021,bil,
PRISM_ppt_30yr_normal_800mD1_1022_bil,,PRISM,ppt,30yr-normal,800mD1,1022,bil,
PRISM_tmax_30yr_normal_800mD1_1022_bil,,PRISM,tmax,30yr-normal,800mD1,1022,bil,
PRISM_tmin_30yr_normal_800mD1_1022_bil,,PRISM,tmin,30yr-normal,800mD1,1022,bil,
PRISM_ppt_30yr_normal_800mD1_1023_bil,,PRISM,ppt,30yr-normal,800mD1,1023,bil,
PRISM_tmax_30yr_normal_800mD1_1023_bil,,PRISM,tmax,30yr-normal,800mD1,1023,bil,
PRISM_tmin_30yr_normal_800mD1_1023_bil,,PRISM,tmin,30yr-normal,800mD1,1023,bil,
PRISM_ppt_30yr_normal_800mD1_1024_bil,,PRISM,ppt,30yr-normal,800mD1,1024,bil,
PRISM_tmax_30yr_normal_800mD1_1024_bil,,PRISM,tmax,30yr-normal,800mD1,1024,bil,
PRISM_tmin_30yr_normal_800mD1_1024_bil,,PRISM,tmin,30yr-normal,800mD1,1024,bil,
PRISM_ppt_30yr_normal_800mD1_1025_bil,,PRISM,ppt,30yr-normal,800mD1,1025,bil,
PRISM_tmax_30yr_normal_800mD1_1025_bil,,PRISM,tmax,30yr-normal,800mD1,1025,bil,
PRISM_tmin_30yr_normal_800mD1_1025_bil,,PRISM,tmin,30yr-normal,800mD1,1025,bil,
PRISM_ppt_30yr_normal_800mD1_1026_bil,,PRISM,ppt,30yr-normal,800mD1,1026,bil,
PRISM_tmax_30yr_normal_800mD1_1026_bil,,PRISM,tmax,30yr-normal,800mD1,1026,bil,
PRISM_tmin_30yr_normal_800mD1_1026_bil,,PRISM,tmin,30yr-normal,800mD1,1026,bil,
PRISM_ppt_30yr_normal_800mD1_1027_bil,,PRISM,ppt,30yr-normal,800mD1,1027,bil,
PRISM_tmax_30yr_normal_800mD1_1027_bil,,PRISM,tmax,30yr-normal,800mD1,1027,bil,
PRISM_tmin_30yr_normal_800mD1_1027_bil,,PRISM,tmin,30yr-normal,800mD1,1027,bil,
PRISM_ppt_30yr_normal_800mD1_1028_bil,,PRISM,ppt,30yr-normal,800mD1,1028,bil,
PRISM_tmax_30yr_normal_800mD1_1028_bil,,PRISM,tmax,30yr-normal,800mD1,1028,bil,
PRISM_tmin_30yr_normal_800mD1_1028_bil,,PRISM,tmin,30yr-normal,800mD1,1028,bil,
PRISM_ppt_30yr_normal_800mD1_1029_bil,,PRISM,ppt,30yr-normal,800mD1,1029,bil,
PRISM_tmax_30yr_normal_800mD1_1029_bil,,PRISM,tmax,30yr-normal,800mD1,1029,bil,
PRISM_tmin_30yr_normal_800mD1_1029_bil,,PRISM,tmin,30yr-normal,800mD1,1029,bil,
PRISM_ppt_30yr_normal_800mD1_1030_bil,,PRISM,ppt,30yr-normal,800mD1,1030,bil,
PRISM_tmax_30yr_normal_800mD1_1030_bil,,PRISM,tmax,30yr-normal,800mD1,1030,bil,
PRISM_tmin_30yr_normal_800mD1_1030_bil,,PRISM,tmin,30yr-normal,800mD1,1030,bil,
PRISM_ppt_30yr_normal_800mD1_1031_bil,,PRISM,ppt,30yr-normal,800mD1,1031,bil,
PRISM_tmax_30yr_normal_800mD1_1031_bil,,PRISM,tmax,30yr-normal,800mD1,1031,bil,
PRISM_tmin_30yr_normal_800mD1_1031_bil,,PRISM,tmin,30yr-normal,800mD1,1031,bil,
PRISM_ppt_30yr_normal_800mD1_1101_bil,,PRISM,ppt,30yr-normal,800mD1,1101,bil,
PRISM_tmax_30yr_normal_800mD1_1101_bil,,PRISM,tmax,30yr-normal,800mD1,1101,bil,
PRISM_tmin_30yr_normal_800mD1_1101_bil,,PRISM,tmin,30yr-normal,800mD1,1101,bil,
PRISM_ppt_30yr_normal_800mD1_1102_bil,,PRISM,ppt,30yr-normal,800mD1,1102,bil,
PRISM_tmax_30yr_normal_800mD1_1102_bil,,PRISM,tmax,30yr-normal,800mD1,1102,bil,
PRISM_tmin_30yr_normal_800mD1_1102_bil,,PRISM,tmin,30yr-normal,800mD1,1102,bil,
PRISM_ppt_30yr_normal_800mD1_1103_bil,,PRISM,ppt,30yr-normal,800mD1,1103,bil,
PRISM_tmax_30yr_normal_800mD1_1103_bil,,PRISM,tmax,30yr-normal,800mD1,1103,bil,
PRISM_tmin_30yr_normal_800mD1_1103_bil,,PRISM,tmin,30yr-normal,800mD1,1103,bil,
PRISM_ppt_30yr_normal_800mD1_1104_bil,,PRISM,ppt,30yr-normal,800mD1,1104,bil,
PRISM_tmax_30yr_normal_800mD1_1104_bil,,PRISM,tmax,30yr-normal,800mD1,1104,bil,
PRISM_tmin_30yr_normal_800mD1_1104_bil,,PRISM,tmin,30yr-normal,800mD1,1104,bil,
PRISM_ppt_30yr_normal_800mD1_1105_bil,,PRISM,ppt,30yr-normal,800mD1,1105,bil,
PRISM_tmax_30yr_normal_800mD1_1105_bil,,PRISM,tmax,30yr-normal,800mD1,1105,bil,
PRISM_tmin_30yr_normal_800mD1_1105_bil,,PRISM,tmin,30yr-normal,800mD1,1105,bil,
PRISM_ppt_30yr_normal_800mD1_1106_bil,,PRISM,ppt,30yr-normal,800mD1,1106,bil,
PRISM_tmax_30yr_normal_800mD1_1106_bil,,PRISM,tmax,30yr-normal,800mD1,1106,bil,
PRISM_tmin_30yr_normal_800mD1_1106_bil,,PRISM,tmin,30yr-normal,800mD1,1106,bil,
PRISM_ppt_30yr_normal_800mD1_1107_bil,,PRISM,ppt,30yr-normal,800mD1,1107,bil,
PRISM_tmax_30yr_normal_800mD1_1107_bil,,PRISM,tmax,30yr-normal,800mD1,1107,bil,
PRISM_tmin_30yr_normal_800mD1_1107_bil,,PRISM,tmin,30yr-normal,800mD1,1107,bil,
PRISM_ppt_30yr_normal_800mD1_1108_bil,,PRISM,ppt,30yr-normal,800mD1,1108,bil,
PRISM_tmax_30yr_normal_800mD1_1108_bil,,PRISM,tmax,30yr-normal,800mD1,1108,bil,
PRISM_tmin_30yr_normal_800mD1_1108_bil,,PRISM,tmin,30yr-normal,800mD1,1108,bil,
PRISM_ppt_30yr_normal_800mD1_1109_bil,,PRISM,ppt,30yr-normal,800mD1,1109,bil,
PRISM_tmax_30yr_normal_800mD1_1109_bil,,PRISM,tmax,30yr-normal,800mD1,1109,bil,
PRISM_tmin_30yr_normal_800mD1_1109_bil,,PRISM,tmin,30yr-normal,800mD1,1109,bil,
PRISM_ppt_30yr_normal_800mD1_1110_bil,,PRISM,ppt,30yr-normal,800mD1,1110,bil,
PRISM_tmax_30yr_normal_800mD1_1110_bil,,PRISM,tmax,30yr-normal,800mD1,1110,bil,
PRISM_tmin_30yr_normal_800mD1_1110_bil,,PRISM,tmin,30yr-normal,800mD1,1110,bil,
PRISM_ppt_30yr_normal_800mD1_1111_bil,,PRISM,ppt,30yr-normal,800mD1,1111,bil,
PRISM_tmax_30yr_normal_800mD1_1111_bil,,PRISM,tmax,30yr-normal,800mD1,1111,bil,
PRISM_tmin_30yr_normal_800mD1_1111_bil,,PRISM,tmin,30yr-normal,800mD1,1111,bil,
PRISM_ppt_30yr_normal_800mD1_1112_bil,,PRISM,ppt,30yr-normal,800mD1,1112,bil,
PRISM_tmax_30yr_normal_800mD1_1112_bil,,PRISM,tmax,30yr-normal,800mD1,1112,bil,
PRISM_tmin_30yr_normal_800mD1_1112_bil,,PRISM,tmin,30yr-normal,800mD1,1112,bil,
PRISM_ppt_30yr_normal_800mD1_1113_bil,,PRISM,ppt,30yr-normal,800mD1,1113,bil,
PRISM_tmax_30yr_normal_800mD1_1113_bil,,PRISM,tmax,30yr-normal,800mD1,1113,bil,
PRISM_tmin_30yr_normal_800mD1_1113_bil,,PRISM,tmin,30yr-normal,800mD1,1113,bil,
PRISM_ppt_30yr_normal_800mD1_1114_bil,,PRISM,ppt,30yr-normal,800mD1,1114,bil,
PRISM_tmax_30yr_normal_800mD1_1114_bil,,PRISM,tmax,30yr-normal,800mD1,1114,bil,
PRISM_tmin_30yr_normal_800mD1_1114_bil,,PRISM,tmin,30yr-normal,800mD1,1114,bil,
PRISM_ppt_30yr_normal_800mD1_1115_bil,,PRISM,ppt,30yr-normal,800mD1,1115,bil,
PRISM_tmax_30yr_normal_800mD1_1115_bil,,PRISM,tmax,30yr-normal,800mD1,1115,bil,
PRISM_tmin_30yr_normal_800mD1_1115_bil,,PRISM,tmin,30yr-normal,800mD1,1115,bil,
PRISM_ppt_30yr_normal_800mD1_1116_bil,,PRISM,ppt,30yr-normal,800mD1,1116,bil,
PRISM_tmax_30yr_normal_800mD1_1116_bil,,PRISM,tmax,30yr-normal,800mD1,1116,bil,
PRISM_tmin_30yr_normal_800mD1_1116_bil,,PRISM,tmin,30yr-normal,800mD1,1116,bil,
PRISM_ppt_30yr_normal_800mD1_1117_bil,,PRISM,ppt,30yr-normal,800mD1,1117,bil,
PRISM_tmax_30yr_normal_800mD1_1117_bil,,PRISM,tmax,30yr-normal,800mD1,1117,bil,
PRISM_tmin_30yr_normal_800mD1_1117_bil,,PRISM,tmin,30yr-normal,800mD1,1117,bil,
PRISM_ppt_30yr_normal_800mD1_1118_bil,,PRISM,ppt,30yr-normal,800mD1,1118,bil,
PRISM_tmax_30yr_normal_800mD1_1118_bil,,PRISM,tmax,30yr-normal,800mD1,1118,bil,
PRISM_tmin_30yr_normal_800mD1_1118_bil,,PRISM,tmin,30yr-normal,800mD1,1118,bil,
PRISM_ppt_30yr_normal_800mD1_1119_bil,,PRISM,ppt,30yr-normal,800mD1,1119,bil,
PRISM_tmax_30yr_normal_800mD1_1119_bil,,PRISM,tmax,30yr-normal,800mD1,1119,bil,
PRISM_tmin_30yr_normal_800mD1_1119_bil,,PRISM,tmin,30yr-normal,800mD1,1119,bil,
PRISM_ppt_30yr_normal_800mD1_1120_bil,,PRISM,ppt,30yr-normal,800mD1,1120,bil,
PRISM_tmax_30yr_normal_800mD1_1120_bil,,PRISM,tmax,30yr-normal,800mD1,1120,bil,
PRISM_tmin_30yr_normal_800mD1_1120_bil,,PRISM,tmin,30yr-normal,800mD1,1120,bil,
PRISM_ppt_30yr_normal_800mD1_1121_bil,,PRISM,ppt,30yr-normal,800mD1,1121,bil,
PRISM_tmax_30yr_normal_800mD1_1121_bil,,PRISM,tmax,30yr-normal,800mD1,1121,bil,
PRISM_tmin_30yr_normal_800mD1_1121_bil,,PRISM,tmin,30yr-normal,800mD1,1121,bil,
PRISM_ppt_30yr_normal_800mD1_1122_bil,,PRISM,ppt,30yr-normal,800mD1,1122,bil,
PRISM_tmax_30yr_normal_800mD1_1122_bil,,PRISM,tmax,30yr-normal,800mD1,1122,bil,
PRISM_tmin_30yr_normal_800mD1_1122_bil,,PRISM,tmin,30yr-normal,800mD1,1122,bil,
PRISM_ppt_30yr_normal_800mD1_1123_bil,,PRISM,ppt,30yr-normal,800mD1,1123,bil,
PRISM_tmax_30yr_normal_800mD1_1123_bil,,PRISM,tmax,30yr-normal,800mD1,1123,bil,
PRISM_tmin_30yr_normal_800mD1_1123_bil,,PRISM,tmin,30yr-normal,800mD1,1123,bil,
PRISM_ppt_30yr_normal_800mD1_1124_bil,,PRISM,ppt,30yr-normal,800mD1,1124,bil,
PRISM_tmax_30yr_normal_800mD1_1124_bil,,PRISM,tmax,30yr-normal,800mD1,1124,bil,
PRISM_tmin_30yr_normal_800mD1_1124_bil,,PRISM,tmin,30yr-normal,800mD1,1124,bil,
PRISM_ppt_30yr_normal_800mD1_1125_bil,,PRISM,ppt,30yr-normal,800mD1,1125,bil,
PRISM_tmax_30yr_normal_800mD1_1125_bil,,PRISM,tmax,30yr-normal,800mD1,1125,bil,
PRISM_tmin_30yr_normal_800mD1_1125_bil,,PRISM,tmin,30yr-normal,800mD1,1125,bil,
PRISM_ppt_30yr_normal_800mD1_1126_bil,,PRISM,ppt,30yr-normal,800mD1,1126,bil,
PRISM_tmax_30yr_normal_800mD1_1126_bil,,PRISM,tmax,30yr-normal,800mD1,1126,bil,
PRISM_tmin_30yr_normal_800mD1_1126_bil,,PRISM,tmin,30yr-normal,800mD1,1126,bil,
PRISM_ppt_30yr_normal_800mD1_1127_bil,,PRISM,ppt,30yr-normal,800mD1,1127,bil,
PRISM_tmax_30yr_normal_800mD1_1127_bil,,PRISM,tmax,30yr-normal,800mD1,1127,bil,
PRISM_tmin_30yr_normal_800mD1_1127_bil,,PRISM,tmin,30yr-normal,800mD1,1127,bil,
PRISM_ppt_30yr_normal_800mD1_1128_bil,,PRISM,ppt,30yr-normal,800mD1,1128,bil,
PRISM_tmax_30yr_normal_800mD1_1128_bil,,PRISM,tmax,30yr-normal,800mD1,1128,bil,
PRISM_tmin_30yr_normal_800mD1_1128_bil,,PRISM,tmin,30yr-normal,800mD1,1128,bil,
PRISM_ppt_30yr_normal_800mD1_1129_bil,,PRISM,ppt,30yr-normal,800mD1,1129,bil,
PRISM_tmax_30yr_normal_800mD1_1129_bil,,PRISM,tmax,30yr-normal,800mD1,1129,bil,
PRISM_tmin_30yr_normal_800mD1_1129_bil,,PRISM,tmin,30yr-normal,800mD1,1129,bil,
PRISM_ppt_30yr_normal_800mD1_1130_bil,,PRISM,ppt,30yr-normal,800mD1,1130,bil,
PRISM_tmax_30yr_normal_800mD1_1130_bil,,PRISM,tmax,30yr-normal,800mD1,1130,bil,
PRISM_tmin_30yr_normal_800mD1_1130_bil,,PRISM,tmin,30yr-normal,800mD1,1130,bil,
PRISM_ppt_30yr_normal_800mD1_1201_bil,,PRISM,ppt,30yr-normal,800mD1,1201,bil,
PRISM_tmax_30yr_normal_800mD1_1201_bil,,PRISM,tmax,30yr-normal,800mD1,1201,bil,
PRISM_tmin_30yr_normal_800mD1_1201_bil,,PRISM,tmin,30yr-normal,800mD1,1201,bil,
PRISM_ppt_30yr_normal_800mD1_1202_bil,,PRISM,ppt,30yr-normal,800mD1,1202,bil,
PRISM_tmax_30yr_normal_800mD1_1202_bil,,PRISM,tmax,30yr-normal,800mD1,1202,bil,
PRISM_tmin_30yr_normal_800mD1_1202_bil,,PRISM,tmin,30yr-normal,800mD1,1202,bil,
PRISM_ppt_30yr_normal_800mD1_1203_bil,,PRISM,ppt,30yr-normal,800mD1,1203,bil,
PRISM_tmax_30yr_normal_800mD1_1203_bil,,PRISM,tmax,30yr-normal,800mD1,1203,bil,
PRISM_tmin_30yr_normal_800mD1_1203_bil,,PRISM,tmin,30yr-normal,800mD1,1203,bil,
PRISM_ppt_30yr_normal_800mD1_1204_bil,,PRISM,ppt,30yr-normal,800mD1,1204,bil,
PRISM_tmax_30yr_normal_800mD1_1204_bil,,PRISM,tmax,30yr-normal,800mD1,1204,bil,
PRISM_tmin_30yr_normal_800mD1_1204_bil,,PRISM,tmin,30yr-normal,800mD1,1204,bil,
PRISM_ppt_30yr_normal_800mD1_1205_bil,,PRISM,ppt,30yr-normal,800mD1,1205,bil,
PRISM_tmax_30yr_normal_800mD1_1205_bil,,PRISM,tmax,30yr-normal,800mD1,1205,bil,
PRISM_tmin_30yr_normal_800mD1_1205_bil,,PRISM,tmin,30yr-normal,800mD1,1205,bil,
PRISM_ppt_30yr_normal_800mD1_1206_bil,,PRISM,ppt,30yr-normal,800mD1,1206,bil,
PRISM_tmax_30yr_normal_800mD1_1206_bil,,PRISM,tmax,30yr-normal,800mD1,1206,bil,
PRISM_tmin_30yr_normal_800mD1_1206_bil,,PRISM,tmin,30yr-normal,800mD1,1206,bil,
PRISM_ppt_30yr_normal_800mD1_1207_bil,,PRISM,ppt,30yr-normal,800mD1,1207,bil,
PRISM_tmax_30yr_normal_800mD1_1207_bil,,PRISM,tmax,30yr-normal,800mD1,1207,bil,
PRISM_tmin_30yr_normal_800mD1_1207_bil,,PRISM,tmin,30yr-normal,800mD1,1207,bil,
PRISM_ppt_30yr_normal_800mD1_1208_bil,,PRISM,ppt,30yr-normal,800mD1,1208,bil,
PRISM_tmax_30yr_normal_800mD1_1208_bil,,PRISM,tmax,30yr-normal,800mD1,1208,bil,
PRISM_tmin_30yr_normal_800mD1_1208_bil,,PRISM,tmin,30yr-normal,800mD1,1208,bil,
PRISM_ppt_30yr_normal_800mD1_1209_bil,,PRISM,ppt,30yr-normal,800mD1,1209,bil,
PRISM_tmax_30yr_normal_800mD1_1209_bil,,PRISM,tmax,30yr-normal,800mD1,1209,bil,
PRISM_tmin_30yr_normal_800mD1_1209_bil,,PRISM,tmin,30yr-normal,800mD1,1209,bil,
PRISM_ppt_30yr_normal_800mD1_1210_bil,,PRISM,ppt,30yr-normal,800mD1,1210,bil,
PRISM_tmax_30yr_normal_800mD1_1210_bil,,PRISM,tmax,30yr-normal,800mD1,1210,bil,
PRISM_tmin_30yr_normal_800mD1_1210_bil,,PRISM,tmin,30yr-normal,800mD1,1210,bil,
PRISM_ppt_30yr_normal_800mD1_1211_bil,,PRISM,ppt,30yr-normal,800mD1,1211,bil,
PRISM_tmax_30yr_normal_800mD1_1211_bil,,PRISM,tmax,30yr-normal,800mD1,1211,bil,
PRISM_tmin_30yr_normal_800mD1_1211_bil,,PRISM,tmin,30yr-normal,800mD1,1211,bil,
PRISM_ppt_30yr_normal_800mD1_1212_bil,,PRISM,ppt,30yr-normal,800mD1,1212,bil,
PRISM_tmax_30yr_normal_800mD1_1212_bil,,PRISM,tmax,30yr-normal,800mD1,1212,bil,
PRISM_tmin_30yr_normal_800mD1_1212_bil,,PRISM,tmin,30yr-normal,800mD1,1212,bil,
PRISM_ppt_30yr_normal_800mD1_1213_bil,,PRISM,ppt,30yr-normal,800mD1,1213,bil,
PRISM_tmax_30yr_normal_800mD1_1213_bil,,PRISM,tmax,30yr-normal,800mD1,1213,bil,
PRISM_tmin_30yr_normal_800mD1_1213_bil,,PRISM,tmin,30yr-normal,800mD1,1213,bil,
PRISM_ppt_30yr_normal_800mD1_1214_bil,,PRISM,ppt,30yr-normal,800mD1,1214,bil,
PRISM_tmax_30yr_normal_800mD1_1214_bil,,PRISM,tmax,30yr-normal,800mD1,1214,bil,
PRISM_tmin_30yr_normal_800mD1_1214_bil,,PRISM,tmin,30yr-normal,800mD1,1214,bil,
PRISM_ppt_30yr_normal_800mD1_1215_bil,,PRISM,ppt,30yr-normal,800mD1,1215,bil,
PRISM_tmax_30yr_normal_800mD1_1215_bil,,PRISM,tmax,30yr-normal,800mD1,1215,bil,
PRISM_tmin_30yr_normal_800mD1_1215_bil,,PRISM,tmin,30yr-normal,800mD1,1215,bil,
PRISM_ppt_30yr_normal_800mD1_1216_bil,,PRISM,ppt,30yr-normal,800mD1,1216,bil,
PRISM_tmax_30yr_normal_800mD1_1216_bil,,PRISM,tmax,30yr-normal,800mD1,1216,bil,
PRISM_tmin_30yr_normal_800mD1_1216_bil,,PRISM,tmin,30yr-normal,800mD1,1216,bil,
PRISM_ppt_30yr_normal_800mD1_1217_bil,,PRISM,ppt,30yr-normal,800mD1,1217,bil,
PRISM_tmax_30yr_normal_800mD1_1217_bil,,PRISM,tmax,30yr-normal,800mD1,1217,bil,
PRISM_tmin_30yr_normal_800mD1_1217_bil,,PRISM,tmin,30yr-normal,800mD1,1217,bil,
PRISM_ppt_30yr_normal_800mD1_1218_bil,,PRISM,ppt,30yr-normal,800mD1,1218,bil,
PRISM_tmax_30yr_normal_800mD1_1218_bil,,PRISM,tmax,30yr-normal,800mD1,1218,bil,
PRISM_tmin_30yr_normal_800mD1_1218_bil,,PRISM,tmin,30yr-normal,800mD1,1218,bil,
PRISM_ppt_30yr_normal_800mD1_1219_bil,,PRISM,ppt,30yr-normal,800mD1,1219,bil,
PRISM_tmax_30yr_normal_800mD1_1219_bil,,PRISM,tmax,30yr-normal,800mD1,1219,bil,
PRISM_tmin_30yr_normal_800mD1_1219_bil,,PRISM,tmin,30yr-normal,800mD1,1219,bil,
PRISM_ppt_30yr_normal_800mD1_1220_bil,,PRISM,ppt,30yr-normal,800mD1,1220,bil,
PRISM_tmax_30yr_normal_800mD1_1220_bil,,PRISM,tmax,30yr-normal,800mD1,1220,bil,
PRISM_tmin_30yr_normal_800mD1_1220_bil,,PRISM,tmin,30yr-normal,800mD1,1220,bil,
PRISM_ppt_30yr_normal_800mD1_1221_bil,,PRISM,ppt,30yr-normal,800mD1,1221,bil,
PRISM_tmax_30yr_normal_800mD1_1221_bil,,PRISM,tmax,30yr-normal,800mD1,1221,bil,
PRISM_tmin_30yr_normal_800mD1_1221_bil,,PRISM,tmin,30yr-normal,800mD1,1221,bil,
PRISM_ppt_30yr_normal_800mD1_1222_bil,,PRISM,ppt,30yr-normal,800mD1,1222,bil,
PRISM_tmax_30yr_normal_800mD1_1222_bil,,PRISM,tmax,30yr-normal,800mD1,1222,bil,
PRISM_tmin_30yr_normal_800mD1_1222_bil,,PRISM,tmin,30yr-normal,800mD1,1222,bil,
PRISM_ppt_30yr_normal_800mD1_1223_bil,,PRISM,ppt,30yr-normal,800mD1,1223,bil,
PRISM_tmax_30yr_normal_800mD1_1223_bil,,PRISM,tmax,30yr-normal,800mD1,1223,bil,
PRISM_tmin_30yr_normal_800mD1_1223_bil,,PRISM,tmin,30yr-normal,800mD1,1223,bil,
PRISM_ppt_30yr_normal_800mD1_1224_bil,,PRISM,ppt,30yr-normal,800mD1,1224,bil,
PRISM_tmax_30yr_normal_800mD1_1224_bil,,PRISM,tmax,30yr-normal,800mD1,1224,bil,
PRISM_tmin_30yr_normal_800mD1_1224_bil,,PRISM,tmin,30yr-normal,800mD1,1224,bil,
PRISM_ppt_30yr_normal_800mD1_1225_bil,,PRISM,ppt,30yr-normal,800mD1,1225,bil,
PRISM_tmax_30yr_normal_800mD1_1225_bil,,PRISM,tmax,30yr-normal,800mD1,1225,bil,
PRISM_tmin_30yr_normal_800mD1_1225_bil,,PRISM,tmin,30yr-normal,800mD1,1225,bil,
PRISM_ppt_30yr_normal_800mD1_1226_bil,,PRISM,ppt,30yr-normal,800mD1,1226,bil,
PRISM_tmax_30yr_normal_800mD1_1226_bil,,PRISM,tmax,30yr-normal,800mD1,1226,bil,
PRISM_tmin_30yr_normal_800mD1_1226_bil,,PRISM,tmin,30yr-normal,800mD1,1226,bil,
PRISM_ppt_30yr_normal_800mD1_1227_bil,,PRISM,ppt,30yr-normal,800mD1,1227,bil,
PRISM_tmax_30yr_normal_800mD1_1227_bil,,PRISM,tmax,30yr-normal,800mD1,1227,bil,
PRISM_tmin_30yr_normal_800mD1_1227_bil,,PRISM,tmin,30yr-normal,800mD1,1227,bil,
PRISM_ppt_30yr_normal_800mD1_1228_bil,,PRISM,ppt,30yr-normal,800mD1,1228,bil,
PRISM_tmax_30yr_normal_800mD1_1228_bil,,PRISM,tmax,30yr-normal,800mD1,1228,bil,
PRISM_tmin_30yr_normal_800mD1_1228_bil,,PRISM,tmin,30yr-normal,800mD1,1228,bil,
PRISM_ppt_30yr_normal_800mD1_1229_bil,,PRISM,ppt,30yr-normal,800mD1,1229,bil,
PRISM_tmax_30yr_normal_800mD1_1229_bil,,PRISM,tmax,30yr-normal,800mD1,1229,bil,
PRISM_tmin_30yr_normal_800mD1_1229_bil,,PRISM,tmin,30yr-normal,800mD1,1229,bil,
PRISM_ppt_30yr_normal_800mD1_1230_bil,,PRISM,ppt,30yr-normal,800mD1,1230,bil,
PRISM_tmax_30yr_normal_800mD1_1230_bil,,PRISM,tmax,30yr-normal,800mD1,1230,bil,
PRISM_tmin_30yr_normal_800mD1_1230_bil,,PRISM,tmin,30yr-normal,800mD1,1230,bil,
PRISM_ppt_30yr_normal_800mD1_1231_bil,,PRISM,ppt,30yr-normal,800mD1,1231,bil,
PRISM_tmax_30yr_normal_800mD1_1231_bil,,PRISM,tmax,30yr-normal,800mD1,1231,bil,
PRISM_tmin_30yr_normal_800mD1_1231_bil,,PRISM,tmin,30yr-normal,800mD1,1231,bil,